Workbook

Sheet 1. População

Sheet Q1.1
A1: Quadro 1.1- População por área de residencia e município, segundo o sexo, RGPH - 2024
A2: Área de residência,município e comuna | B2: Total | C2: Homens | D2: Mulheres
A3: Cunene | B3: 1806416.5 | C3: 867639.37 | D3: 938777.16
A5: Área de residência
A6: Urbana | B6: 460652.76 | C6: 216545.6 | D6: 244107.16
A7: Rural | B7: 1345763.8 | C7: 651093.77 | D7: 694670.01
A8: Municípios / Comunas
A9: Ombadja | B9: 247337.52 | C9: 117195.4 | D9: 130142.12
A10: Xangongo | B10: 155253.8 | C10: 73739.431 | D10: 81514.367
A11: Ombala yo Mungu | B11: 92083.725 | C11: 43455.972 | D11: 48627.753
A12: CuanhamCuanhama | B12: 500288.17 | C12: 238406.12 | D12: 261882.05
A13: Ondjiva | B13: 401981.03 | C13: 190714.08 | D13: 211266.95
A14: Môngua | B14: 98307.147 | C14: 47692.045 | D14: 50615.102
A15: Curoca | B15: 35716.784 | C15: 17314.789 | D15: 18401.995
A16: Curoca | B16: 35716.784 | C16: 17314.789 | D16: 18401.995
A17: Chitado | B17: 35425.089 | C17: 17601.94 | D17: 17823.149
A18: Chitado | B18: 35425.089 | C18: 17601.94 | D18: 17823.149
A19: Cahama | B19: 140924.93 | C19: 67445.311 | D19: 73479.623
A20: Cahama | B20: 81990.081 | C20: 39045.001 | D20: 42945.08
... A41: Naulila | B41: 83503.559 | C41: 39624.95 | D41: 43878.609

Sheet Q1.2
A1: Quadro 1.2 - População por idade simples segundo o sexo, RGPH - 2024
A2: Idades Simples | B2: Total | C2: Homens | D2: Mulheres
A3: Cunene | B3: 1806416.5 | C3: 867639.37 | D3: 938777.16
A5: Idade
A6: 0 ano | B6: 55928.18 | C6: 27878.851 | D6: 28049.329
A7: 1 ano | B7: 61811.568 | C7: 31006.177 | D7: 30805.391
A8: 2 anos | B8: 61883.548 | C8: 31085.733 | D8: 30797.815
A9: 3 anos | B9: 66607.685 | C9: 33226.18 | D9: 33381.505
A10: 4 anos | B10: 66988.42 | C10: 33328.467 | D10: 33659.952
A11: 5 anos | B11: 67113.703 | C11: 33855.685 | D11: 33258.019
A12: 6 anos | B12: 63232.681 | C12: 32041.749 | D12: 31190.932
A13: 7 anos | B13: 57393.066 | C13: 28954.443 | D13: 28438.623
A14: 8 anos | B14: 54220.106 | C14: 27532.607 | D14: 26687.5
A15: 9 anos | B15: 54433.287 | C15: 26929.231 | D15: 27504.056
A16: 10 anos | B16: 54450.417 | C16: 27150.025 | D16: 27300.393
A17: 11 anos | B17: 48420.462 | C17: 24017.037 | D17: 24403.426
... A101: 95 ou mais | B101: 994 | C101: 291 | D101: 702

Sheet Q1.3
A1: Quadro 1.3 - População por grupos etários quinquenais, 2024
A2: Área de residência e grupos quinquenais | B2: Total | C2: Homens | D2: Mulheres
A3: Cunene | B3: 1806416.5 | C3: 867639.37 | D3: 938777.16
A5: Área de residência
A6: Urbana | B6: 460652.76 | C6: 216545.6 | D6: 244107.16
A7: Rural | B7: 1345763.8 | C7: 651093.77 | D7: 694670.01
A8: Grupos etários
A9: 0-4 anos | B9: 313219.4 | C9: 156525.41 | D9: 156693.99
A10: 5-9 anos | B10: 296392.84 | C10: 149313.71 | D10: 147079.13
A11: 10-14 anos | B11: 247955.25 | C11: 124099.44 | D11: 123855.81
A12: 15-19 anos | B12: 222947.75 | C12: 108515.24 | D12: 114432.51
A13: 20-24 anos | B13: 178638.56 | C13: 82625.305 | D13: 96013.254
A14: 25-29 anos | B14: 143424.46 | C14: 65544.364 | D14: 77880.094
A15: 30-34 anos | B15: 108989.34 | C15: 50129.437 | D15: 58859.903
A16: 35-39 anos | B16: 85608.959 | C16: 39083.653 | D16: 46525.306
A17: 40-44 anos | B17: 64954.912 | C17: 29529.091 | D17: 35425.821
A18: 45-49 anos | B18: 37086.555 | C18: 16301.395 | D18: 20785.16
A19: 50-54 anos | B19: 29832.023 | C19: 12959.139 | D19: 16872.884
A20: 55-59 anos | B20: 22217.555 | C20: 9824.0291 | D20: 12393.526
... A28: 95 ou mais anos | B28: 993.6733 | C28: 291.36154 | D28: 702.31176

Sheet Q1.4
A1: Quadro 1.4 - População por município, comuna e área de residência, 2024
A2: Área de residência,município e comuna | B2: Total | C2: 0 - 14 anos | D2: 15-64 anos | E2: 65 ou mais anos
A4: Cunene | B4: 1806416.5 | C4: 857567.49 | D4: 914223.77 | E4: 34625.275
A6: Área de residência
A7: Urbana | B7: 460652.76 | C7: 195887.59 | D7: 260058.81 | E7: 4706.3585
A8: Rural | B8: 1345763.8 | C8: 661679.91 | D8: 654164.96 | E8: 29918.916
A9: Sexo
A10: Homens | B10: 867639.37 | C10: 429938.57 | D10: 423505.63 | E10: 14195.178
A11: Mulheres | B11: 938777.16 | C11: 427628.93 | D11: 490718.14 | E11: 20430.097
A12: Municípios / Comunas
A13: Ombadja | B13: 247337.52 | C13: 119423.56 | D13: 122092.17 | E13: 5821.7949
A14: Xangongo | B14: 155253.8 | C14: 77360.285 | D14: 75157.106 | E14: 2736.4067
A15: Ombala yo Mungu | B15: 92083.725 | C15: 42063.272 | D15: 46935.064 | E15: 3085.3882
A16: Cuanhama | B16: 500288.17 | C16: 219401.63 | D16: 272447.93 | E16: 8438.6129
A17: Ondjiva | B17: 401981.03 | C17: 172574.02 | D17: 223184.04 | E17: 6222.9606
A18: Môngua | B18: 98307.147 | C18: 46827.608 | D18: 49263.886 | E18: 2215.6523
A19: Curoca | B19: 35716.784 | C19: 18145.104 | D19: 17134.637 | E19: 437.0423
A20: Curoca | B20: 35716.784 | C20: 18145.104 | D20: 17134.637 | E20: 437.0423
A21: Chitado | B21: 35425.089 | C21: 17242.868 | D21: 17691.907 | E21: 490.31363
A22: Chitado | B22: 35425.089 | C22: 17242.868 | D22: 17691.907 | E22: 490.31363
A23: Cahama | B23: 140924.93 | C23: 75427.466 | D23: 63240.504 | E23: 2256.9647
A24: Cahama | B24: 81990.081 | C24: 42379.851 | D24: 38287.143 | E24: 1323.0858
... A45: Naulila | B45: 83503.559 | C45: 40114.526 | D45: 41466.917 | E45: 1922.1164

Sheet Q1.5
A1: Quadro 1.5 - População por município e comuna, segundo outros grupos etários, 2024
A2: Área de residência,município e comuna | B2: Total | C2: 0-19 anos | D2: 20-29 anos | E2: 30-54 anos | F2: 55-64 anos | G2: 65-74 anos | H2: 75 ou mais anos
A3: Cunene | B3: 1806416.5 | C3: 1080515.2 | D3: 322063.02 | E3: 326471.79 | F3: 42741.211 | G3: 18511.242 | H3: 16114.032
A4: Área de residência
A5: Urbana | B5: 460652.76 | C5: 261238.97 | D5: 93761.097 | E5: 92285.851 | F5: 8660.4833 | G5: 2780.9806 | H5: 1925.3779
A6: Rural | B6: 1345763.8 | C6: 819276.28 | D6: 228301.92 | E6: 234185.94 | F6: 34080.728 | G6: 15730.261 | H6: 14188.655
A7: Municipios / Comunas
A8: Ombadja | B8: 247337.52 | C8: 149485.86 | D8: 40825.178 | E8: 44339.474 | F8: 6865.2143 | G8: 3127.7878 | H8: 2694.007
A9: Xangongo | B9: 155253.8 | C9: 96712.069 | D9: 25455.512 | E9: 26566.817 | F9: 3782.9931 | G9: 1574.222 | H9: 1162.1846
A10: Ombala yo Mungu | B10: 92083.725 | C10: 52773.792 | D10: 15369.666 | E10: 17772.657 | F10: 3082.2212 | G10: 1553.5658 | H10: 1531.8224
A11: Cuanhama | B11: 500288.17 | C11: 286207.74 | D11: 95233.749 | E11: 99247.136 | F11: 11160.932 | G11: 4582.4212 | H11: 3856.1917
A12: Ondjiva | B12: 401981.03 | C12: 227051.75 | D12: 78402.795 | E12: 81509.344 | F12: 8794.1735 | G12: 3372.4011 | H12: 2850.5595
A13: Môngua | B13: 98307.147 | C13: 59155.991 | D13: 16830.954 | E13: 17737.791 | F13: 2366.758 | G13: 1210.0201 | H13: 1005.6322
A14: Curoca | B14: 35716.784 | C14: 22133.896 | D14: 6883.7376 | E14: 5623.0391 | F14: 639.06874 | G14: 252.22342 | H14: 184.81889
A15: Curoca | B15: 35716.784 | C15: 22133.896 | D15: 6883.7376 | E15: 5623.0391 | F15: 639.06874 | G15: 252.22342 | H15: 184.81889
A16: Chitado | B16: 35425.089 | C16: 21345.625 | D16: 7142.8152 | E16: 5785.2293 | F16: 661.10559 | G16: 280.48984 | H16: 209.82379
A17: Chitado | B17: 35425.089 | C17: 21345.625 | D17: 7142.8152 | E17: 5785.2293 | F17: 661.10559 | G17: 280.48984 | H17: 209.82379
A18: Cahama | B18: 140924.93 | C18: 93152.449 | D18: 21551.167 | E18: 21071.65 | F18: 2892.7043 | G18: 1187.1895 | H18: 1069.7752
A19: Cahama | B19: 81990.081 | C19: 53269.141 | D19: 12483.45 | E19: 13035.395 | F19: 1879.009 | G19: 727.31667 | H19: 595.76911
... A40: Naulila | B40: 83503.559 | C40: 49814.999 | D40: 14049.279 | E40: 15434.147 | F40: 2283.018 | G40: 1024.1141 | H40: 898.00235

Sheet Q1.6
A1: Quadro 1.6 - População por município, comuna e área de residência, 2024
A2: Área de residência,município e comuna | B2: Grupos etários
B3: 0 - 14 anos | F3: 15 - 64 anos | J3: 65 ou mais anos
B4: Total | C4: Homens | D4: Mulheres | F4: Total | G4: Homens | H4: Mulheres | J4: Total | K4: Homens | L4: Mulheres
A5: Cunene | B5: 857567.49 | C5: 429938.57 | D5: 427628.93 | F5: 914223.77 | G5: 423505.63 | H5: 490718.14 | J5: 34625.275 | K5: 14195.178 | L5: 20430.097
A7: Área de residência
A8: Urbana | B8: 195887.59 | C8: 94101.732 | D8: 101785.86 | F8: 260058.81 | G8: 120315.19 | H8: 139743.62 | J8: 4706.3585 | K8: 2128.6787 | L8: 2577.6799
A9: Rural | B9: 661679.91 | C9: 335836.83 | D9: 325843.07 | F9: 654164.96 | G9: 303190.44 | H9: 350974.52 | J9: 29918.916 | K9: 12066.499 | L9: 17852.417
A10: Municipios / Comunas
A11: Ombadja | B11: 119423.56 | C11: 60197.379 | D11: 59226.178 | F11: 122092.17 | G11: 54834.555 | H11: 67257.614 | J11: 5821.7949 | K11: 2163.4681 | L11: 3658.3268
A12: Xangongo | B12: 77360.285 | C12: 38555.636 | D12: 38804.649 | F12: 75157.106 | G12: 33998.78 | H12: 41158.326 | J12: 2736.4067 | K12: 1185.0152 | L12: 1551.3915
A13: Ombala yo Mungu | B13: 42063.272 | C13: 21641.743 | D13: 20421.529 | F13: 46935.064 | G13: 20835.776 | H13: 26099.288 | J13: 3085.3882 | K13: 978.45292 | L13: 2106.9353
A14: Cuanhama | B14: 219401.63 | C14: 108007.3 | D14: 111394.33 | F14: 272447.93 | G14: 126934.01 | H14: 145513.92 | J14: 8438.6129 | K14: 3464.8105 | L14: 4973.8023
A15: Ondjiva | B15: 172574.02 | C15: 84247.873 | D15: 88326.15 | F15: 223184.04 | G15: 103888.52 | H15: 119295.52 | J15: 6222.9606 | K15: 2577.6799 | L15: 3645.2807
A16: Môngua | B16: 46827.608 | C16: 23759.431 | D16: 23068.177 | F16: 49263.886 | G16: 23045.483 | H16: 26218.403 | J16: 2215.6523 | K16: 887.13065 | L16: 1328.5216
A17: Curoca | B17: 18145.104 | C17: 9195.4683 | D17: 8949.6362 | F17: 17134.637 | G17: 7883.4047 | H17: 9251.2322 | J17: 437.0423 | K17: 235.91587 | L17: 201.12643
A18: Curoca | B18: 18145.104 | C18: 9195.4683 | D18: 8949.6362 | F18: 17134.637 | G18: 7883.4047 | H18: 9251.2322 | J18: 437.0423 | K18: 235.91587 | L18: 201.12643
A19: Chitado | B19: 17242.868 | C19: 8591.6324 | D19: 8651.2355 | F19: 17691.907 | G19: 8751.561 | H19: 8940.3461 | J19: 490.31363 | K19: 258.74644 | L19: 231.56719
A20: Chitado | B20: 17242.868 | C20: 8591.6324 | D20: 8651.2355 | F20: 17691.907 | G20: 8751.561 | H20: 8940.3461 | J20: 490.31363 | K20: 258.74644 | L20: 231.56719
A21: Cahama | B21: 75427.466 | C21: 37730.951 | D21: 37696.515 | F21: 63240.504 | G21: 28686.985 | H21: 34553.519 | J21: 2256.9647 | K21: 1027.3756 | L21: 1229.5892
A22: Cahama | B22: 42379.851 | C22: 21051.782 | D22: 21328.069 | F22: 38287.143 | G22: 17401.798 | H22: 20885.346 | J22: 1323.0858 | K22: 591.42043 | L22: 731.66535
... A43: Naulila | B43: 40114.526 | C43: 20224.679 | D43: 19889.847 | F43: 41466.917 | G43: 18594.678 | H43: 22872.239 | J43: 1922.1164 | K43: 805.5929 | L43: 1116.5235

Sheet Q1.7
A1: Quadro 1.7 - Idade média e mediana da população por área de residência e sexo, 2024
A2: Área de residência,município e comuna | B2: Média | C2: Mediana
A3: Cunene | B3: 19.385348 | C3: 15
A5: Área de residência
A6: Urbana | B6: 19.790324 | C6: 17
A7: Rural | B7: 19.246725 | C7: 15
A8: Sexo
A9: Homens | B9: 18.614175 | C9: 15
A10: Mulheres | B10: 20.098084 | C10: 16
A11: Município/comuna
A12: Ombadja | B12: 19.679862 | C12: 15
A13: Xangongo | B13: 18.805222 | C13: 15
A14: Ombala yo Mungu | B14: 21.154512 | C14: 16
A15: Cuanhama | B15: 20.06606 | C15: 17
A16: Ondjiva | B16: 20.191198 | C16: 17
A17: Môngua | B17: 19.554368 | C17: 15
A18: Curoca | B18: 18.00397 | C18: 14
A19: Curoca | B19: 18.00397 | C19: 14
A20: Chitado | B20: 18.323519 | C20: 15
A21: Chitado | B21: 18.323519 | C21: 15
A22: Cahama | B22: 17.516782 | C22: 13
A23: Cahama | B23: 18.045898 | C23: 14
... A44: Naulila | B44: 19.845102 | C44: 15

Sheet 2. Estado Civil

Sheet Q2.1
A1: Quadro 2.2 - População com 12 ou mais por estado civil segundo o sexo, 2024
A2: Área de residência,município e comuna | B2: População com 12 ou mais anos | C2: Estado Civil
C3: Solteiro(a) | D3: Casado(a) ou em União de facto | E3: Separado(a) | F3: Divorciado(a) | G3: Viúvo(a) | H3: Não declarado
A4: Cunene | B4: 1093933.4 | C4: 761938.45 | D4: 296339.69 | E4: 12057.934 | F4: 1162.4945 | G4: 10566.768 | H4: 11868.076
A6: Área de residência
A7: Urbana | B7: 302576.11 | C7: 205158.84 | D7: 89744.426 | E7: 2849.3301 | F7: 282.43299 | G7: 2443.5526 | H7: 2097.5283
A8: Rural | B8: 791357.31 | C8: 556779.61 | D8: 206595.26 | E8: 9208.6039 | F8: 880.0615 | G8: 8123.2157 | H8: 9770.5473
A9: Municípios / Comunas
A10: Ombadja | B10: 148246.03 | C10: 110833.26 | D10: 32580.473 | E10: 1811.9681 | F10: 194.66259 | G10: 1722.6444 | H10: 1103.0175
A11: Xangongo | B11: 91571.308 | C11: 64375.808 | D11: 24600.176 | E11: 1159.1408 | F11: 109.5742 | G11: 869.07256 | H11: 457.53648
A12: Ombala yo Mungu | B12: 56674.721 | C12: 46457.456 | D12: 7980.2967 | E12: 652.82724 | F12: 85.08839 | G12: 853.57183 | H12: 645.48105
A13: Cuanhama | B13: 320530.45 | C13: 228766.07 | D13: 83013.329 | E13: 2602.785 | F13: 255.93139 | G13: 3278.8479 | H13: 2613.4896
A14: Ondjiva | B14: 260860.6 | C14: 183054.11 | D14: 70938.653 | E14: 2111.9527 | F14: 212.16681 | G14: 2692.5384 | H14: 1851.1849
A15: Môngua | B15: 59669.847 | C15: 45711.959 | D15: 12074.677 | E15: 490.83228 | F15: 43.764575 | G15: 586.30953 | H15: 762.30474
A16: Curoca | B16: 20672.31 | C16: 12279.441 | D16: 7079.7655 | E16: 548.10058 | F16: 22.691714 | G16: 146.61785 | H16: 595.69313
A17: Curoca | B17: 20672.31 | C17: 12279.441 | D17: 7079.7655 | E17: 548.10058 | F17: 22.691714 | G17: 146.61785 | H17: 595.69313
A18: Chitado | B18: 21008.762 | C18: 14143.652 | D18: 6417.6145 | E18: 186.11894 | F18: 24.60653 | G18: 134.541 | H18: 102.2293
A19: Chitado | B19: 21008.762 | C19: 14143.652 | D19: 6417.6145 | E19: 186.11894 | F19: 24.60653 | G19: 134.541 | H19: 102.2293
A20: Cahama | B20: 77939.961 | C20: 50457.559 | D20: 25081.391 | E20: 1056.7267 | F20: 71.284038 | G20: 764.09123 | H20: 508.9097
A21: Cahama | B21: 46957.333 | C21: 30606.045 | D21: 14907.925 | E21: 590.95561 | F21: 37.739508 | G21: 506.58238 | H21: 308.08566
... A42: Naulila | B42: 49978.586 | C42: 36411.648 | D42: 11863.84 | E42: 498.21389 | F42: 81.363892 | G42: 618.39952 | H42: 505.1207

Sheet 3. Registo Civil

Sheet Q3.1
A1: Quadro 3.1 - População residente com registo de nascimento por município e área de residência, segundo sexo, RGPH 2024
A2: Área de residência,município e comuna | B2: Total da população | C2: População com registo de nascimento
C3: Total | D3: Homens | E3: Mulheres
A4: Cunene | B4: 1806416.5 | C4: 824448.41 | D4: 387607.84 | E4: 436840.56
A6: Área de residência
A7: Urbana | B7: 460652.76 | C7: 352345.76 | D7: 165100.63 | E7: 187245.13
A8: Rural | B8: 1345763.8 | C8: 472102.64 | D8: 222507.21 | E8: 249595.43
A9: Municipios / Comunas
A10: Ombadja | B10: 247337.52 | C10: 106911.23 | D10: 49208.273 | E10: 57702.959
A11: Xangongo | B11: 155253.8 | C11: 76564.505 | D11: 35792.396 | E11: 40772.109
A12: Ombala yo Mungu | B12: 92083.725 | C12: 30346.726 | D12: 13415.876 | E12: 16930.85
A13: Cuanhama | B13: 500288.17 | C13: 329951.95 | D13: 154709.86 | E13: 175242.09
A14: Ondjiva | B14: 401981.03 | C14: 285598.09 | D14: 133690.18 | E14: 151907.92
A15: Môngua | B15: 98307.147 | C15: 44353.854 | D15: 21019.683 | E15: 23334.171
A16: Curoca | B16: 35716.784 | C16: 13406.429 | D16: 6517.9306 | E16: 6888.4979
A17: Curoca | B17: 35716.784 | C17: 13406.429 | D17: 6517.9306 | E17: 6888.4979
A18: Chitado | B18: 35425.089 | C18: 8073.5062 | D18: 4044.6623 | E18: 4028.844
A19: Chitado | B19: 35425.089 | C19: 8073.5062 | D19: 4044.6623 | E19: 4028.844
A20: Cahama | B20: 140924.93 | C20: 55520.112 | D20: 25997.315 | E20: 29522.798
A21: Cahama | B21: 81990.081 | C21: 37041.355 | D21: 17293.524 | E21: 19747.831
... A42: Naulila | B42: 83503.559 | C42: 25391.967 | D42: 11711.26 | E42: 13680.706

Sheet Q3.2
A1: Quadro 3.2 - População residente com registo de nascimento por grupos etários segundo sexo, RGPH - 2024
A2: Área de residência e grupo etário | B2: Total da população | C2: População com registo de nascimento
C3: Total | D3: Homens | E3: Mulheres
A4: Cunene | B4: 1806416.5 | C4: 824448.41 | D4: 387607.84 | E4: 436840.56
A6: Área de residencia
A7: Urbana | B7: 460652.76 | C7: 352345.76 | D7: 165100.63 | E7: 187245.13
A8: Rural | B8: 1345763.8 | C8: 472102.64 | D8: 222507.21 | E8: 249595.43
A9: Grupo Etário
A10: 0-4 anos | B10: 313219.4 | C10: 81280.166 | D10: 40352.165 | E10: 40928.002
A11: 5-9 anos | B11: 296392.84 | C11: 108291.75 | D11: 53807.07 | E11: 54484.678
A12: 10-14 anos | B12: 247955.25 | C12: 101995.32 | D12: 49497.784 | E12: 52497.534
A13: 15-19 anos | B13: 222947.75 | C13: 107520.84 | D13: 50100.116 | E13: 57420.721
A14: 20-24 anos | B14: 178638.56 | C14: 92079.365 | D14: 41559.231 | E14: 50520.135
A15: 25-29 anos | B15: 143424.46 | C15: 80482.233 | D15: 36364.043 | E15: 44118.19
A16: 30-34 anos | B16: 108989.34 | C16: 64919.8 | D16: 30196.217 | E16: 34723.584
A17: 35-39 anos | B17: 85608.959 | C17: 54074.36 | D17: 25241.311 | E17: 28833.05
A18: 40-44 anos | B18: 64954.912 | C18: 41262.655 | D18: 19264.03 | E18: 21998.625
A19: 45-49 anos | B19: 37086.555 | C19: 23926.146 | D19: 10729.009 | E19: 13197.137
A20: 50-54 anos | B20: 29832.023 | C20: 19283.716 | D20: 8572.3359 | E20: 10711.38
A21: 55-59 anos | B21: 22217.555 | C21: 14794.074 | D21: 6687.4504 | E21: 8106.6237
... A23: 65 ou mais anos | B23: 34625.275 | C23: 21199.813 | D23: 9138.7503 | E23: 12061.063

Sheet Q3.3
A1: Quadro 3.3 - População residente com Bilhete de identidade por área de residência, segundo os grupos etários e sexo, RGPH 2024
A2: Área de residência e grupo etário | B2: População com 5 ou mais anos | C2: População com Bilhete de Identidade
C3: Total | D3: Homens | E3: Mulheres
A4: Cunene | B4: 1493197.1 | C4: 551841.65 | D4: 256269.08 | E4: 295572.57
A6: Área de residência
A7: Urbana | B7: 395494.13 | C7: 271370.69 | D7: 126565.37 | E7: 144805.32
A8: Rural | B8: 1097703 | C8: 280470.95 | D8: 129703.7 | E8: 150767.25
A9: Grupo Etário
A10: 5-9 anos | B10: 296392.84 | C10: 38724.569 | D10: 19336.589 | E10: 19387.98
A11: 10-14 anos | B11: 247955.25 | C11: 56321.454 | D11: 26575.199 | E11: 29746.255
A12: 15-19 anos | B12: 222947.75 | C12: 81858.494 | D12: 37436.54 | E12: 44421.953
A13: 20-24 anos | B13: 178638.56 | C13: 77632.38 | D13: 34830.031 | E13: 42802.349
A14: 25-29 anos | B14: 143424.46 | C14: 70655.465 | D14: 32014.266 | E14: 38641.199
A15: 30-34 anos | B15: 108989.34 | C15: 57633.053 | D15: 27193.118 | E15: 30439.934
A16: 35-39 anos | B16: 85608.959 | C16: 48724.962 | D16: 23213.083 | E16: 25511.879
A17: 40-44 anos | B17: 64954.912 | C17: 37036.837 | D17: 17574.529 | E17: 19462.308
A18: 45-49 anos | B18: 37086.555 | C18: 21518.253 | D18: 9812.2761 | E18: 11705.976
A19: 50-54 anos | B19: 29832.023 | C19: 17398.83 | D19: 7908.292 | E19: 9490.5381
A20: 55-59 anos | B20: 22217.555 | C20: 13548.257 | D20: 6256.9972 | E20: 7291.2601
A21: 60-64 anos | B21: 20523.656 | C21: 12115.862 | D21: 5700.1993 | E21: 6415.6625
A22: 65 ou mais anos | B22: 34625.275 | C22: 18673.23 | D22: 8417.9566 | E22: 10255.274

Sheet Q3.4
A1: Quadro 3.4 - População com 5 anos ou mais, residente com Bilhete de identidade por município, área de residencia segundo sexo, RGPH 2024
A2: Área de residência,município e comuna | B2: População com 5 ou mais anos | C2: População com bilhete de identidade
C3: Total | D3: Homens | E3: Mulheres
A4: Cunene | B4: 1493197.1 | C4: 551841.65 | D4: 256269.08 | E4: 295572.57
A6: Área de residência
A7: Urbana | B7: 395494.13 | C7: 271370.69 | D7: 126565.37 | E7: 144805.32
A8: Rural | B8: 1097703 | C8: 280470.95 | D8: 129703.7 | E8: 150767.25
A9: Municipios / Comuna
A10: Ombadja | B10: 204356.21 | C10: 70931.486 | D10: 32115.472 | E10: 38816.015
A11: Xangongo | B11: 128320.15 | C11: 53841.693 | D11: 24787.33 | E11: 29054.363
A12: Ombala yo Mungu | B12: 76036.053 | C12: 17089.793 | D12: 7328.1422 | E12: 9761.6511
A13: Cuanhama | B13: 423262.38 | C13: 238216.37 | D13: 110404.67 | E13: 127811.7
A14: Ondjiva | B14: 341758.69 | C14: 214751.45 | D14: 99599.03 | E14: 115152.42
A15: Môngua | B15: 81503.689 | C15: 23464.921 | D15: 10805.637 | E15: 12659.284
A16: Curoca | B16: 29450.767 | C16: 10597.885 | D16: 5145.6883 | E16: 5452.1966
A17: Curoca | B17: 29450.767 | C17: 10597.885 | D17: 5145.6883 | E17: 5452.1966
A18: Chitado | B18: 28761.289 | C18: 6138.672 | D18: 3117.2603 | E18: 3021.4118
A19: Chitado | B19: 28761.289 | C19: 6138.672 | D19: 3117.2603 | E19: 3021.4118
A20: Cahama | B20: 113811.34 | C20: 34748.851 | D20: 15978.142 | E20: 18770.709
A21: Cahama | B21: 66853.52 | C21: 26169.68 | D21: 12065.865 | E21: 14103.814
... A42: Naulila | B42: 69092.478 | C42: 15519.106 | D42: 7166.4872 | E42: 8352.6192

Sheet 4. Deficiência e Albinismo

Sheet Q4.1
A1: Quadro 4.1- Resumo síntese dos indicadores da dificiência
A3: Domínio Funcional | B3: Grau de dificuldade | C3: 2024
C4: N | D4: %
A5: Dificulade em ver, mesmo quando usa os seus óculos/lentes de contacto | B5: Não tem dificuldade | C5: 1456814.7 | D5: 97.563452
B6: Tem alguma dificuldade | C6: 32338.523 | D6: 2.1657236
B7: Tem muita dificuldade | C7: 3412.9065 | D7: 0.22856369
B8: Não consegue ver de modo algum | C8: 631.02827 | D8: 0.042260212
B9: Total dos 5 ou mais anos | C9: 1493197.1 | D9: 100
A11: Dificuldade em ouvir, mesmo quando usa aparelho(S) auditivo | B11: Não tem dificuldade | C11: 1478597.9 | D11: 99.022287
B12: Tem alguma dificuldade | C12: 12332.73 | D12: 0.82592776
B13: Tem muita dificuldade | C13: 1739.2453 | D13: 0.11647794
B14: Não consegue ouvir de modo algum | C14: 527.2117 | D14: 0.035307575
B15: Total | C15: 1493197.1 | D15: 100
A17: Dificuldade em andar ou subir escadas | B17: Não tem dificuldade | C17: 1474432 | D17: 98.74329
B18: Tem alguma dificuldade | C18: 14589.119 | D18: 0.97703907
B19: Tem muita dificuldade | C19: 3379.6636 | D19: 0.2263374
B20: Não consegue andar de modo algum | C20: 796.37497 | D20: 0.053333546
B21: Total | C21: 1493197.1 | D21: 100
A23: Dificuldade de se comunicar (por exemplo, compreender, interpretar ou ser compreendido pelos outros) | B23: Não tem dificuldade | C23: 1487144.4 | D23: 99.594647
B24: Tem alguma dificuldade | C24: 4235.584 | D24: 0.28365872
B25: Tem muita dificuldade | C25: 1278.2376 | D25: 0.085604078
B26: Não consegue entender os outros ou fazer-se entender de modo algum | C26: 538.89237 | D26: 0.036089834
B27: Total | C27: 1493197.1 | D27: 100
A29: Dificuldade em lembrar das coisas ou concentrar-se | B29: Não tem dificuldade | C29: 1480403.2 | D29: 99.143188
B30: Tem alguma dificuldade | C30: 10562.793 | D30: 0.7073944
B31: Tem muita dificuldade | C31: 1750.0221 | D31: 0.11719967
B32: Não consegue se concentrar ou lembrar de modo algum | C32: 481.08386 | D32: 0.032218375
B33: Total | C33: 1493197.1 | D33: 100
A35: Dificuldades em usar as mãos e os dedos(por exemplo, apanhar pequenos objectos, como um botão, lápis, abrir ou fechar recipientes) | B35: Não tem dificuldade | C35: 1486017.1 | D35: 99.519151
B36: Tem alguma dificuldade | C36: 5597.82 | D36: 0.37488821
B37: Tem muita dificuldade | C37: 1268.0056 | D37: 0.084918833
B38: Não consegue usar os dedos de modo algum | C38: 314.19878 | D38: 0.021042016
B39: Total | C39: 1493197.1 | D39: 100
A41: Dificuldades em cuidar de si próprio (por exemplo tomar banho da cabeça aos pés ou vestir-se sozinho) | B41: Não tem dificuldade | C41: 1486996.1 | D41: 99.584715
B42: Tem alguma dificuldade | C42: 4390.6041 | D42: 0.29404049
B43: Tem muita dificuldade | C43: 1474.5851 | D43: 0.098753545
B44: Não consegue cuidar da si de modo algum | C44: 335.83948 | D44: 0.022491302
B45: Total | C45: 1493197.1 | D45: 100
A46: Nota-A : O denominador usado para o cálculo das percentagens é o total da população com 5 ou mais anos,
A47: Nota-B: Inseriu-se a linha do total respodente,visto que para o nosso caso a população será a mesma uma vez que os missings foram recodificados em todas as variáveis para a opção de resposta não tem dificuldade

Sheet Q4.2
A1: Quadro 8.1 - Pessoas que têm albinismo por área de residência e município segundo o sexo
A2: Área de residência, município e comuna | B2: Total da população | C2: Total | D2: Homens | E2: Mulheres
A3: Cunene | B3: 1806416.5 | C3: 22786.528 | D3: 11049.912 | E3: 11736.616
A5: Áreas de residência
A6: Urbana | B6: 460652.76 | C6: =D6+E6 -> 4701.9963 | D6: 2243.2477 | E6: 2458.7486
A7: Rural | B7: 1345763.8 | C7: =D7+E7 -> 18084.531 | D7: 8806.6642 | E7: 9277.8671
A8: Municipios / Comunas
A9: Ombadja | B9: 247337.52 | C9: 3268.5766 | D9: 1458.1177 | E9: 1810.4589
A10: Xangongo | B10: 155253.8 | C10: 1303.9156 | D10: 607.63655 | E10: 696.27902
A11: Ombala yo Mungu | B11: 92083.725 | C11: 1964.661 | D11: 850.48116 | E11: 1114.1798
A12: Cuanhama | B12: 500288.17 | C12: 6059.4328 | D12: 2937.1801 | E12: 3122.2527
A13: Ondjiva | B13: 401981.03 | C13: 4496.1292 | D13: 2193.4522 | E13: 2302.6769
A14: Môngua | B14: 98307.147 | C14: 1563.3037 | D14: 743.7279 | E14: 819.57576
A15: Curoca | B15: 35716.784 | C15: 197.81192 | D15: 94.411468 | E15: 103.40046
A16: Curoca | B16: 35716.784 | C16: 197.81192 | D16: 94.411468 | E16: 103.40046
A17: Chitado | B17: 35425.089 | C17: 226.7144 | D17: 134.55924 | E17: 92.155164
A18: Chitado | B18: 35425.089 | C18: 226.7144 | D18: 134.55924 | E18: 92.155164
A19: Cahama | B19: 140924.93 | C19: 981.37351 | D19: 489.12064 | E19: 492.25287
A20: Cahama | B20: 81990.081 | C20: 762.59098 | D20: 352.54562 | E20: 410.04537
... A39: Naulila | B39: 83503.559 | C39: 1395.1018 | D39: 653.81915 | E39: 741.28265

Sheet Q4.3
A1: Quadro 4.2 - População com albinismo por área de residência, municipio e comuna, segundo grupo etário
A2: Área de residência, município e comuna | B2: Total da população | C2: Total da população com albinismo | D2: Grupos etários
D3: 0-4 anos | E3: 5-14 anos | F3: 15-64 anos | G3: 65 ou mais
A4: Cunene | B4: 1806416.5 | C4: 22786.528 | D4: 4195.6553 | E4: 6231.7148 | F4: 11859.059 | G4: 500.09816
A6: Area de residência
A7: Urbana | B7: 460652.76 | C7: 4701.9963 | D7: 734.95 | E7: 1309.5357 | F7: 2605.3264 | G7: 52.184156
A8: Rural | B8: 1345763.8 | C8: 18084.531 | D8: 3460.7053 | E8: 4922.1792 | F8: 9253.7329 | G8: 447.914
A9: Municípios / Comunas
A10: Ombadja | B10: 247337.52 | C10: 3268.5766 | D10: 609.93273 | E10: 833.68696 | F10: 1699.9324 | G10: 125.02454
A11: Xangongo | B11: 155253.8 | C11: 1303.9156 | D11: 323.90838 | E11: 378.77558 | F11: 570.79086 | G11: 30.440758
A12: Ombala yo Mungu | B12: 92083.725 | C12: 1964.661 | D12: 286.02436 | E12: 454.91138 | F12: 1129.1415 | G12: 94.583782
A13: Cuanhama | B13: 500288.17 | C13: 6059.4328 | D13: 1074.012 | E13: 1684.5045 | F13: 3159.5843 | G13: 141.33209
A14: Ondjiva | B14: 401981.03 | C14: 4496.1292 | D14: 803.14124 | E14: 1286.6949 | F14: 2312.7964 | G14: 93.496612
A15: Môngua | B15: 98307.147 | C15: 1563.3037 | D15: 270.87075 | E15: 397.80953 | F15: 846.78791 | G15: 47.835476
A16: Curoca | B16: 35716.784 | C16: 197.81192 | D16: 35.98982 | E16: 57.101846 | F16: 102.54592 | G16: 2.1743398
A17: Curoca | B17: 35716.784 | C17: 197.81192 | D17: 35.98982 | E17: 57.101846 | F17: 102.54592 | G17: 2.1743398
A18: Chitado | B18: 35425.089 | C18: 226.7144 | D18: 60.614433 | E18: 32.357713 | F18: 128.30641 | G18: 5.4358496
A19: Chitado | B19: 35425.089 | C19: 226.7144 | D19: 60.614433 | E19: 32.357713 | F19: 128.30641 | G19: 5.4358496
A20: Cahama | B20: 140924.93 | C20: 981.37351 | D20: 196.99691 | E20: 289.31602 | F20: 484.18888 | G20: 10.871699
A21: Cahama | B21: 81990.081 | C21: 762.59098 | D21: 134.48827 | E21: 218.89041 | F21: 398.3406 | G21: 10.871699
... A42: Naulila | B42: 83503.559 | C42: 1395.1018 | D42: 225.40992 | E42: 350.22466 | F42: 789.02646 | G42: 30.440758

Sheet 5. Orfandade

Sheet Q5.1
A1: Quadro 5.1 - Crianças com 0-17 anos que não vivem com os pais por município, comuna e área de residência, 2024
A2: ='Q4.3'!$A$2 -> Área de residência, município e comuna | B2: População com 0 -17 anos | C2: Popualação com 0 - 17 anos que não vivem com pelo menos um dos pais | D2: Mãe vive noutro agregado | H2: Pai vive noutro agregado | L2: Ambos vivem noutro agregado
D4: Total | E4: Masculino | F4: Feminino | H4: Total | I4: Masculino | J4: Feminino | L4: Total | M4: Masculino | N4: Feminino
A5: Cunene | B5: 998746.13 | C5: 773163.04 | D5: 138292.39 | E5: 67530.791 | F5: 70761.602 | H5: 527031.77 | I5: 257164.37 | J5: 269867.4 | L5: 107838.88 | M5: 51764.111 | N5: 56074.769
A7: Área de residência
A8: Urbana | B8: 236781.08 | C8: 144826.67 | D8: 24035.189 | E8: 10833.386 | F8: 13201.803 | H8: 104966.5 | I8: 47366.448 | J8: 57600.047 | L8: 15824.985 | M8: 6778.2645 | N8: 9046.7201
A9: Rural | B9: 761965.05 | C9: 628336.37 | D9: 114257.2 | E9: 56697.405 | F9: 57559.799 | H9: 422065.27 | I9: 209797.92 | J9: 212267.36 | L9: 92013.896 | M9: 44985.847 | N9: 47028.049
A10: Municípios / Comunas
A11: Ombadja | B11: 138480.37 | C11: 126622.71 | D11: 23161.939 | E11: 11465.475 | F11: 11696.464 | H11: 84491.01 | I11: 41976.729 | J11: 42514.282 | L11: 18969.765 | M11: 9321.3829 | N11: 9648.3819
A12: Xangongo | B12: 89820.51 | C12: 75508.141 | D12: 14639.738 | E12: 7108.9438 | F12: 7530.7942 | H12: 49241.56 | I12: 23809.292 | J12: 25432.268 | L12: 11626.842 | M12: 5582.2165 | N12: 6044.6258
A13: Ombala yo Mungu | B13: 48659.862 | C13: 51114.574 | D13: 8522.2012 | E13: 4356.5309 | F13: 4165.6703 | H13: 35249.45 | I13: 18167.437 | J13: 17082.013 | L13: 7342.9224 | M13: 3739.1663 | N13: 3603.7561
A14: Cuanhama | B14: 261582.26 | C14: 185267.03 | D14: 31869.598 | E14: 15060.541 | F14: 16809.057 | H14: 129791.51 | I14: 61473.324 | J14: 68318.19 | L14: 23605.917 | M14: 10982.314 | N14: 12623.603
A15: Ondjiva | B15: 206741.32 | C15: 136008.27 | D15: 22584.92 | E15: 10444.056 | F15: 12140.864 | H15: 97506.803 | I15: 45502.074 | J15: 52004.73 | L15: 15916.545 | M15: 7191.4494 | N15: 8725.0959
A16: Môngua | B16: 54840.945 | C16: 49258.76 | D16: 9284.6776 | E16: 4616.4848 | F16: 4668.1928 | H16: 32284.71 | I16: 15971.25 | J16: 16313.46 | L16: 7689.3719 | M16: 3790.8647 | N16: 3898.5071
A17: Curoca | B17: 20616.591 | C17: 14364.497 | D17: 2184.6387 | E17: 1104.0002 | F17: 1080.6385 | H17: 10607.427 | I17: 5092.8202 | J17: 5514.607 | L17: 1572.4309 | M17: 737.53858 | N17: 834.89231
A18: Curoca | B18: 20616.591 | C18: 14364.497 | D18: 2184.6387 | E18: 1104.0002 | F18: 1080.6385 | H18: 10607.427 | I18: 5092.8202 | J18: 5514.607 | L18: 1572.4309 | M18: 737.53858 | N18: 834.89231
A19: Chitado | B19: 19678.601 | C19: 12939.2 | D19: 2544.6394 | E19: 1257.8176 | F19: 1286.8218 | H19: 8693.3165 | I19: 4097.8202 | J19: 4595.4963 | L19: 1701.2443 | M19: 831.81698 | N19: 869.42733
A20: Chitado | B20: 19678.601 | C20: 12939.2 | D20: 2544.6394 | E20: 1257.8176 | F20: 1286.8218 | H20: 8693.3165 | I20: 4097.8202 | J20: 4595.4963 | L20: 1701.2443 | M20: 831.81698 | N20: 869.42733
A21: Cahama | B21: 87206.133 | C21: 63973.669 | D21: 10965.217 | E21: 5409.6152 | F21: 5555.6015 | H21: 44570.015 | I21: 21717.752 | J21: 22852.263 | L21: 8438.4376 | M21: 4037.0674 | N21: 4401.3702
A22: Cahama | B22: 49637.888 | C22: 36389.241 | D22: 6356.7083 | E22: 3126.997 | F22: 3229.7113 | H22: 25177.701 | I22: 12176.61 | J22: 13001.09 | L22: 4854.8321 | M22: 2316.7156 | N22: 2538.1165
... A43: Naulila | B43: 46255.254 | C43: 40048.368 | D43: 6935.3436 | E43: 3410.7344 | F43: 3524.6092 | H43: 27309.797 | I43: 13573.572 | J43: 13736.224 | L43: 5803.2274 | M43: 2814.4877 | N43: 2988.7397

Sheet Q5.2
A1: Quadro 5.2 - Crianças com 0-17 anos por área de residência, segundo a situação de viver junto com os pais biológicos e taxa de orfandade, RGPH 2024
A2: Área de residência e grupo etário | B2: População com 0 - 17 anos | C2: Total de crianças orfãos | D2: Crianças orfãos de mãe | H2: Crianças orfãos de pai | L2: Crianças orfãos de ambos | O2: Taxa de orfandade
D4: Total | E4: Masculino | F4: Feminino | H4: Total | I4: Masculino | J4: Feminino | L4: Total | M4: Masculino | N4: Feminino
A5: Cunene | B5: 998746.13 | C5: =+D5+H5+L5 -> 75121.085 | D5: =E5+F5 -> 14591.404 | E5: 7201.4245 | F5: 7389.9798 | H5: =I5+J5 -> 53252.947 | I5: 26266.044 | J5: 26986.903 | L5: =M5+N5 -> 7276.7333 | M5: 3620.0102 | N5: 3656.7231 | O5: 7.5215395
D6: =E6+F6 -> 0 | H6: =I6+J6 -> 0 | L6: =M6+N6 -> 0
A7: Área de residência | D7: =E7+F7 -> 0 | H7: =I7+J7 -> 0 | L7: =M7+N7 -> 0
A8: Urbana | B8: 236781.08 | C8: =SUM(L8,H8,D8) -> 16188.637 | D8: =E8+F8 -> 2692.1402 | E8: 1206.7521 | F8: 1485.3881 | H8: =I8+J8 -> 12654.845 | I8: 5743.0972 | J8: 6911.7479 | L8: =M8+N8 -> 841.65214 | M8: 355.11012 | N8: 486.54203 | O8: 6.8369641
A9: Rural | B9: 761965.05 | C9: =SUM(L9,H9,D9) -> 58932.448 | D9: =E9+F9 -> 11899.264 | E9: 5994.6724 | F9: 5904.5917 | H9: =I9+J9 -> 40598.102 | I9: 20522.947 | J9: 20075.155 | L9: =M9+N9 -> 6435.0812 | M9: 3264.9001 | N9: 3170.1811 | O9: 7.7342717
A10: Grupo etário | D10: =E10+F10 -> 0 | H10: =I10+J10 -> 0 | L10: =M10+N10 -> 0
A11: 0-4 anos | B11: 313219.4 | C11: =+D11+H11+L11 -> 15409.325 | D11: =E11+F11 -> 1657.4259 | E11: 839.13106 | F11: 818.29485 | H11: =I11+J11 -> 12929.816 | I11: 6432.7067 | J11: 6497.1096 | L11: =M11+N11 -> 822.08325 | M11: 424.30103 | N11: 397.78222 | O11: 4.9196587
A12: 5-9 anos | B12: 296392.84 | C12: =+D12+H12+L12 -> 22159.323 | D12: =E12+F12 -> 5437.9992 | E12: 2721.8547 | F12: 2716.1445 | H12: =I12+J12 -> 13917.623 | I12: 6875.0623 | J12: 7042.561 | L12: =M12+N12 -> 2803.7007 | M12: 1414.2224 | N12: 1389.4783 | O12: 7.4763354
A13: 10-14 anos | B13: 247955.25 | C13: =+D13+H13+L13 -> 21279.955 | D13: =E13+F13 -> 3782.0456 | E13: 1886.2643 | F13: 1895.7813 | H13: =I13+J13 -> 15607.838 | I13: 7744.9138 | J13: 7862.9242 | L13: =M13+N13 -> 1890.0711 | M13: 934.56688 | N13: 955.50423 | O13: 8.5821755
A14: 15-17 anos | B14: 141178.64 | C14: =+D14+H14+L14 -> 16272.482 | D14: =E14+F14 -> 3713.9336 | E14: 1754.1744 | F14: 1959.7592 | H14: =I14+J14 -> 10797.67 | I14: 5213.3617 | J14: 5584.3081 | L14: =M14+N14 -> 1760.8783 | M14: 846.91988 | N14: 913.9584 | O14: 11.526164

Sheet 6. Língua Materna

Sheet Q 6.1
A1: Quadro 6.1 - População de 2 ou mais anos por residência, município e comuna, segundo grupos étinicos tribos, 2024
A2: ='Q5.1'!$A$2 -> Área de residência, município e comuna | B2: População com 2 ou mais anos | C2: Grupo_Étnico da população com 2 ou mais anos
C3: Quicongo (Kikongu ou Congolês conguês | D3: Quimbundo (Kimbundu ou Tymbundu) | E3: Lunda-Quioco (Lunda-kioko ou Lunda-Tchokwe Tshokwe) | F3: Umbundo (ou Ovimbundo) | G3: Nhaneca-Humbe (Nyaneka-Lumkumbi) | H3: Ambó (Vahambo tanbé designado Xikwanyama) | I3: Helelo, Herero (Tchielelo, Tjiherero) | J3: Cuangar | K3: Khoisan | L3: Vátua | M3: Kwoi | N3: Xindonga (Oshindonga) | O3: Não sabe | P3: Outra Etnia
A4: Cunene | B4: 1688676.8 | C4: 9484.7302 | D4: 58790.722 | E4: 25788.43 | F4: 111295.62 | G4: 420264.09 | H4: 856870.91 | I4: 87586.351 | J4: 4315.3081 | K4: 3709.4596 | L4: 1765.6241 | M4: 143.42902 | N4: 997.68229 | O4: 47816.908 | P4: 59847.528
A6: Área de residência
A7: Urbana | B7: 434543.09 | C7: 8044.7608 | D7: 22719.588 | E7: 11624.426 | F7: 99763.641 | G7: 97519.641 | H7: 147762.13 | I7: 3933.8705 | J7: 1134.2685 | K7: 253.47192 | L7: 380.85104 | M7: 109.15426 | N7: 226.95216 | O7: 21834.187 | P7: 19236.145
A8: Rural | B8: 1254133.7 | C8: 1439.9693 | D8: 36071.135 | E8: 14164.003 | F8: 11531.979 | G8: 322744.44 | H8: 709108.78 | I8: 83652.48 | J8: 3181.0396 | K8: 3455.9877 | L8: 1384.773 | M8: 34.274762 | N8: 770.73014 | O8: 25982.721 | P8: 40611.384
A9: Municipios / Comunas
A10: Ombadja | B10: =SUM(B11:B12) -> 231702.79 | C10: =SUM(C11:C12) -> 1187.5119 | D10: =SUM(D11:D12) -> 5708.4004 | E10: =SUM(E11:E12) -> 1478.0724 | F10: =SUM(F11:F12) -> 13742.763 | G10: =SUM(G11:G12) -> 61831.214 | H10: =SUM(H11:H12) -> 129796.47 | I10: =SUM(I11:I12) -> 775.78651 | ... P10: =SUM(P11:P12) -> 9930.9813
A11: Xangongo | B11: 145167.18 | C11: 1104.9286 | D11: 3867.9301 | E11: 1443.7708 | F11: 13667.413 | G11: 60465.932 | H11: 54401.22 | I11: 716.7327 | J11: 46.538367 | K11: 1087.061 | L11: 113.72305 | M11: 64.243518 | N11: 35.487703 | O11: 4496.7314 | P11: 3655.4644
A12: Ombala yo Mungu | B12: 86535.61 | C12: 82.583354 | D12: 1840.4704 | E12: 34.301588 | F12: 75.350105 | G12: 1365.2818 | H12: 75395.25 | I12: 59.053812 | J12: 0 | K12: 6.8178319 | L12: 1.4691235 | M12: 1.0871699 | N12: 23.561809 | O12: 1374.8664 | P12: 6275.5168
A13: Cuanhama | B13: =SUM(B14:B15) -> 470833.35 | C13: =SUM(C14:C15) -> 4969.4278 | D13: =SUM(D14:D15) -> 19477.477 | E13: =SUM(E14:E15) -> 6369.8409 | F13: =SUM(F14:F15) -> 62982.473 | G13: =SUM(G14:G15) -> 41638.725 | H13: =SUM(H14:H15) -> 301081.02 | I13: =SUM(I14:I15) -> 1021.0359 | ... P13: =SUM(P14:P15) -> 14012.416
A14: Ondjiva | B14: 378684.25 | C14: 4937.5883 | D14: 17082.239 | E14: 6347.527 | F14: 62736.398 | G14: 41154.145 | H14: 214812.89 | I14: 1017.6761 | J14: 843.73438 | K14: 1084.7319 | L14: 256.06344 | M14: 36.225263 | N14: 123.63405 | O14: 14310.297 | P14: 13941.096
A15: Môngua | B15: 92149.099 | C15: 31.839553 | D15: 2395.238 | E15: 22.31383 | F15: 246.07508 | G15: 484.57965 | H15: 86268.126 | I15: 3.3597806 | J15: 0 | K15: 4.3000218 | L15: 0 | M15: 0 | N15: 2.0654047 | O15: 2619.8823 | P15: 71.319673
A16: Curoca | B16: =SUM(B17) -> 33663.47 | C16: =SUM(C17) -> 582.61486 | D16: =SUM(D17) -> 2293.7353 | E16: =SUM(E17) -> 133.56146 | F16: =SUM(F17) -> 2039.4677 | G16: =SUM(G17) -> 7101.7751 | H16: =SUM(H17) -> 393.36186 | I16: =SUM(I17) -> 7442.3076 | ... P16: =SUM(P17) -> 9478.585
A17: Curoca | B17: 33663.47 | C17: 582.61486 | D17: 2293.7353 | E17: 133.56146 | F17: 2039.4677 | G17: 7101.7751 | H17: 393.36186 | I17: 7442.3076 | J17: 0 | K17: 3.7975959 | L17: 1234.6868 | M17: 0 | N17: 13.528338 | O17: 2946.0483 | P17: 9478.585
A18: Chitado | B18: =SUM(B19) -> 32985.358 | C18: =SUM(C19) -> 30.868424 | D18: =SUM(D19) -> 590.62671 | E18: =SUM(E19) -> 49.272172 | F18: =SUM(F19) -> 589.89028 | G18: =SUM(G19) -> 7770.1582 | H18: =SUM(H19) -> 211.44509 | I18: =SUM(I19) -> 16950.58 | ... P18: =SUM(P19) -> 4129.6769
A19: Chitado | B19: 32985.358 | C19: 30.868424 | D19: 590.62671 | E19: 49.272172 | F19: 589.89028 | G19: 7770.1582 | H19: 211.44509 | I19: 16950.58 | J19: 3.8067898 | K19: 20.834831 | L19: 2.2726106 | M19: 0 | N19: 4.1308094 | O19: 2631.7954 | P19: 4129.6769
A20: Cahama | B20: 76089.644 | C20: 321.09244 | D20: 1771.6435 | E20: 454.09516 | F20: 4895.4853 | G20: 28838.804 | H20: 2476.0344 | I20: 30391.791 | J20: 10.921042 | K20: 2.0654047 | L20: 5.6451291 | M20: 5.1728642 | N20: 2.0654047 | O20: 3971.6274 | P20: 2943.2018
A21: Otchinjau | B21: 54436.127 | C21: 9.4335311 | D21: 964.12903 | E21: 7.7572016 | F21: 407.85791 | G21: 23645.004 | H21: 268.28078 | I21: 28295.03 | J21: 0 | K21: 11.573185 | L21: 32.085024 | M21: 0 | N21: 0 | O21: 198.21124 | P21: 596.76521
A22: Cuvelai | B22: =SUM(B23) -> 70728.53 | C22: =SUM(C23) -> 266.64566 | D22: =SUM(D23) -> 2143.4753 | E22: =SUM(E23) -> 11981.878 | F22: =SUM(F23) -> 3786.477 | G22: =SUM(G23) -> 35596.204 | H22: =SUM(H23) -> 11593.913 | I22: =SUM(I23) -> 268.10942 | ... P22: =SUM(P23) -> 2852.5979
A23: Cuvelai | B23: 70728.53 | C23: 266.64566 | D23: 2143.4753 | E23: 11981.878 | F23: 3786.477 | G23: 35596.204 | H23: 11593.913 | I23: 268.10942 | J23: 139.58209 | K23: 199.56572 | L23: 4.3000218 | M23: 2.2346171 | N23: 34.832127 | O23: 1858.7152 | P23: 2852.5979
A24: Namacunde | B24: =SUM(B25) -> 130243.73 | C24: =SUM(C25) -> 1325.7387 | D24: =SUM(D25) -> 6517.104 | E24: =SUM(E25) -> 2611.7529 | F24: =SUM(F25) -> 15358.993 | G24: =SUM(G25) -> 16135.34 | H24: =SUM(H25) -> 80487.115 | I24: =SUM(I25) -> 60.267198 | ... P24: =SUM(P25) -> 3530.7907
A25: Namacunde | B25: 130243.73 | C25: 1325.7387 | D25: 6517.104 | E25: 2611.7529 | F25: 15358.993 | G25: 16135.34 | H25: 80487.115 | I25: 60.267198 | J25: 254.03358 | K25: 14.539031 | L25: 73.33078 | M25: 30.931061 | N25: 73.974162 | O25: 3769.8224 | P25: 3530.7907
A26: Nehone | B26: =SUM(B27:B28) -> 169044.38 | C26: =SUM(C27:C28) -> 78.234857 | D26: =SUM(D27:D28) -> 6167.7295 | E26: =SUM(E27:E28) -> 9.1416638 | F26: =SUM(F27:F28) -> 142.95673 | G26: =SUM(G27:G28) -> 292.92635 | H26: =SUM(H27:H28) -> 160386.65 | I26: =SUM(I27:I28) -> 29.535817 | ... P26: =SUM(P27:P28) -> 195.67402
A27: Nehone | B27: 88467.719 | C27: 28.451665 | D27: 3751.599 | E27: 4.841642 | F27: 61.032916 | G27: 128.1251 | H27: 83287.869 | I27: 20.186947 | J27: 0 | K27: 402.05127 | L27: 0 | M27: 0 | N27: 12.701448 | O27: 600.91019 | P27: 169.94952
A28: Evale | B28: 80576.666 | C28: 49.783192 | D28: 2416.1305 | E28: 4.3000218 | F28: 81.923817 | G28: 164.80125 | H28: 77098.778 | I28: 9.3488697 | J28: 0 | K28: 118.16408 | L28: 0 | M28: 0 | N28: 541.50507 | O28: 66.205862 | P28: 25.724503
A29: Cafima | B29: =SUM(B30) -> 17787.905 | C29: =SUM(C30) -> 8.2688214 | D29: =SUM(D30) -> 291.77508 | E29: =SUM(E30) -> 15.935826 | F29: =SUM(F30) -> 30.162548 | G29: =SUM(G30) -> 57.298103 | H29: =SUM(H30) -> 15656.178 | I29: =SUM(I30) -> 1.9033949 | ... P29: =SUM(P30) -> 1548.2565
A30: Cafima | B30: 17787.905 | C30: 8.2688214 | D30: 291.77508 | E30: 15.935826 | F30: 30.162548 | G30: 57.298103 | H30: 15656.178 | I30: 1.9033949 | J30: 9.5540034 | K30: 115.80527 | L30: 0 | M30: 0 | N30: 1.894201 | O30: 50.873564 | P30: 1548.2565
A31: Chissuata | B31: =SUM(B32) -> 7406.5458 | C31: =SUM(C32) -> 1.9033949 | D31: =SUM(D32) -> 134.88965 | E31: =SUM(E32) -> 772.83542 | F31: =SUM(F32) -> 252.83624 | G31: =SUM(G32) -> 1702.2493 | H31: =SUM(H32) -> 507.17244 | I31: =SUM(I32) -> 0 | ... P31: =SUM(P32) -> 898.82527
A32: Chissuata | B32: 7406.5458 | C32: 1.9033949 | D32: 134.88965 | E32: 772.83542 | F32: 252.83624 | G32: 1702.2493 | H32: 507.17244 | I32: 0 | J32: 2967.2709 | K32: 0 | L32: 0 | M32: 0 | N32: 0 | O32: 168.56325 | P32: 898.82527
A33: Mupa | B33: =SUM(B34) -> 37495.011 | C33: =SUM(C34) -> 32.531242 | D33: =SUM(D34) -> 721.51588 | E33: =SUM(E34) -> 795.82009 | F33: =SUM(F34) -> 98.032759 | G33: =SUM(G34) -> 75.017596 | H33: =SUM(H34) -> 35309.679 | I33: =SUM(I34) -> 18.287968 | ... P33: =SUM(P34) -> 127.30468
A34: Mupa | B34: 37495.011 | C34: 32.531242 | D34: 721.51588 | E34: 795.82009 | F34: 98.032759 | G34: 75.017596 | H34: 35309.679 | I34: 18.287968 | J34: 0 | K34: 63.976879 | L34: 0 | M34: 0 | N34: 0 | O34: 252.84491 | P34: 127.30468
A35: Chiéde | B35: =SUM(B36) -> 93839.841 | C35: =SUM(C36) -> 33.607897 | D35: =SUM(D36) -> 4137.2255 | E35: =SUM(E36) -> 155.42134 | F35: =SUM(F36) -> 90.768905 | G35: =SUM(G36) -> 170.76421 | H35: =SUM(H36) -> 88597.476 | I35: =SUM(I36) -> 21.062133 | ... P35: =SUM(P36) -> 34.409611
A36: Chiéde | B36: 93839.841 | C36: 33.607897 | D36: 4137.2255 | E36: 155.42134 | F36: 90.768905 | G36: 170.76421 | H36: 88597.476 | I36: 21.062133 | J36: 6.4394223 | K36: 549.18248 | L36: 0 | M36: 0 | N36: 37.403501 | O36: 6.0794004 | P36: 34.409611
A37: Humbe | B37: =SUM(B38:B40) -> 262420.11 | C37: =SUM(C38:C40) -> 636.85056 | D37: =SUM(D38:D40) -> 7870.9957 | E37: =SUM(E38:E40) -> 953.0453 | F37: =SUM(F38:F40) -> 6877.4552 | G37: =SUM(G38:G40) -> 195408.61 | H37: =SUM(H38:H40) -> 30106.12 | I37: =SUM(I38:I40) -> 2310.6546 | ... P37: =SUM(P38:P40) -> 9568.0433
A38: Mucope | B38: 112763.08 | C38: 305.8092 | D38: 2513.5052 | E38: 83.16404 | F38: 1884.9301 | G38: 106056.29 | H38: 1266.7369 | I38: 86.368915 | J38: 6.4486162 | K38: 21.186341 | L38: 0 | M38: 1.4691235 | N38: 0 | O38: 97.081587 | P38: 440.09016
A39: Humbe | B39: 71296.219 | C39: 47.399505 | D39: 2895.8159 | E39: 34.649276 | F39: 138.00619 | G39: 60901.662 | H39: 671.89294 | I39: 1445.1868 | J39: 0 | K39: 3.8067898 | L39: 20.884061 | M39: 0 | N39: 4.3000218 | O39: 1951.558 | P39: 3181.0574
A40: Naulila | B40: 78360.803 | C40: 283.64186 | D40: 2461.6746 | E40: 835.23198 | F40: 4854.5189 | G40: 28450.651 | H40: 28167.49 | I40: 779.09896 | J40: 26.978964 | K40: 0 | L40: 21.164062 | M40: 2.0654047 | N40: 86.598244 | O40: 6444.794 | P40: 5946.8957

Sheet Q 6.2
A1: Quadro 6.2 - População por município, comuna e área de residência, segundo a língua materna, 2024
A2: ='Q5.1'!$A$2 -> Área de residência, município e comuna | B2: Número de pessoas com 2 ou mais anos | C2: Língua materna agrupada
C3: Português | D3: Kimbundu | E3: Umbundu | F3: Cokue (Chokwe/Kioko) | G3: Kikongo | H3: Olunyaneka (Nhaneka) | I3: Nganguela | J3: Oxikwanhama (Kwanhama) | K3: Ifyoti (Fiote) | L3: Muhumbi | M3: Luvale | N3: Khoisan | O3: Línguas estrangeiras | P3: Outras línguas | Q3: Não sabe
A4: Cunene | B4: 1688676.8 | C4: 151042.93 | D4: 9734.6246 | E4: 92524.918 | F4: 22472.269 | G4: 5229.6724 | H4: 254861.92 | I4: 26960.074 | J4: 958838.5 | K4: 770.19899 | L4: 115675.01 | M4: 117.21704 | N4: 1932.4361 | O4: 938.30052 | P4: 39440.971 | Q4: 8137.751
A6: Área de residência
A7: Urbana | B7: 434543.09 | C7: 76302.197 | D7: 8318.4364 | E7: 83708.808 | F7: 9299.8733 | G7: 4146.3502 | H7: 58466.667 | I7: 17636.837 | J7: 137122.52 | K7: 604.89434 | L7: 27332.035 | M7: 85.9642 | N7: 99.973218 | O7: 641.02132 | P7: 8412.403 | Q7: 2365.1073
A8: Rural | B8: 1254133.7 | C8: 74740.734 | D8: 1416.1882 | E8: 8816.1104 | F8: 13172.395 | G8: 1083.3222 | H8: 196395.25 | I8: 9323.2371 | J8: 821715.97 | K8: 165.30464 | L8: 88342.973 | M8: 31.252835 | N8: 1832.4628 | O8: 297.2792 | P8: 31028.568 | Q8: 5772.6437
A9: Municipios / Comunas
A10: Ombadja | B10: =SUM(B11:B12) -> 231702.79 | C10: =SUM(C11:C12) -> 22923.115 | D10: =SUM(D11:D12) -> 1044.7567 | E10: =SUM(E11:E12) -> 11266.702 | F10: =SUM(F11:F12) -> 1137.3753 | G10: =SUM(G11:G12) -> 617.97009 | H10: =SUM(H11:H12) -> 34502.125 | I10: =SUM(I11:I12) -> 3185.2337 | ... N10: =SUM(N11:N12) -> 218.32276 | O10: 119.48563 | P10: =SUM(P11:P12) -> 9971.8087 | Q10: =SUM(Q11:Q12) -> 566.63588
A11: Xangongo | B11: 145167.18 | C11: 19168.098 | D11: 1019.7195 | E11: 11210.038 | F11: 1111.0565 | G11: 565.22617 | H11: 34179.278 | I11: 3171.0746 | J11: 48891.024 | K11: 53.566567 | L11: 22745.468 | M11: 2.2346171 | N11: 196.49107 | O11: 107.7611 | P11: 2389.941 | Q11: 356.19961
A12: Ombala yo Mungu | B12: 86535.61 | C12: 3755.0167 | D12: 25.037224 | E12: 56.663297 | F12: 26.318793 | G12: 52.743919 | H12: 322.84671 | I12: 14.15915 | J12: 74348.02 | K12: 2.2346171 | L12: 106.70875 | M12: 0 | N12: 21.83169 | O12: 11.724529 | P12: 7581.8677 | Q12: 210.43626
A13: Cuanhama | B13: =SUM(B14:B15) -> 470833.35 | C13: =SUM(C14:C15) -> 56944.783 | D13: =SUM(D14:D15) -> 5774.6678 | E13: =SUM(E14:E15) -> 52662.032 | F13: =SUM(F14:F15) -> 4719.7516 | G13: =SUM(G14:G15) -> 2955.1436 | H13: =SUM(H14:H15) -> 22570.056 | I13: =SUM(I14:I15) -> 10197.146 | ... N13: =SUM(N14:N15) -> 152.91907 | O13: 421.90789 | P13: =SUM(P14:P15) -> 4603.5305 | Q13: =SUM(Q14:Q15) -> 1494.4075
A14: Ondjiva | B14: 378684.25 | C14: 53594.619 | D14: 5741.4678 | E14: 52479.421 | F14: 4716.2171 | G14: 2858.4529 | H14: 22260.579 | I14: 10144.218 | J14: 207557.62 | K14: 463.47147 | L14: 12207.114 | M14: 47.745011 | N14: 128.36204 | O14: 415.46846 | P14: 4587.0044 | Q14: 1482.4835
A15: Môngua | B15: 92149.099 | C15: 3350.1637 | D15: 33.199978 | E15: 182.61183 | F15: 3.5345282 | G15: 96.69067 | H15: 309.4773 | I15: 52.927432 | J15: 87950.605 | K15: 3.8067898 | L15: 106.63514 | M15: 0 | N15: 24.557029 | O15: 6.4394223 | P15: 16.526106 | Q15: 11.924013
A16: Curoca | B16: =SUM(B17) -> 33663.47 | C16: =SUM(C17) -> 3128.4573 | D16: =SUM(D17) -> 451.12556 | E16: =SUM(E17) -> 1718.5298 | F16: =SUM(F17) -> 102.51101 | G16: =SUM(G17) -> 142.92418 | H16: =SUM(H17) -> 6414.2056 | I16: =SUM(I17) -> 104.07683 | ... N16: =SUM(N17) -> 11.245062 | O16: 4.138012 | P16: =SUM(P17) -> 5268.5855 | Q16: =SUM(Q17) -> 2640.0971
A17: Curoca | B17: 33663.47 | C17: 3128.4573 | D17: 451.12556 | E17: 1718.5298 | F17: 102.51101 | G17: 142.92418 | H17: 6414.2056 | I17: 104.07683 | J17: 13438.327 | K17: 5.2759133 | L17: 233.97055 | M17: 0 | N17: 11.245062 | O17: 4.138012 | P17: 5268.5855 | Q17: 2640.0971
A18: Chitado | B18: =SUM(B19) -> 32985.358 | C18: =SUM(C19) -> 1295.4835 | D18: =SUM(D19) -> 24.708904 | E18: =SUM(E19) -> 588.03101 | F18: =SUM(F19) -> 12.437624 | G18: =SUM(G19) -> 3.7417342 | H18: =SUM(H19) -> 4692.633 | I18: =SUM(I19) -> 79.330206 | ... N18: =SUM(N19) -> 2.2726106 | O18: 3.5345282 | P18: =SUM(P19) -> 2084.3347 | Q18: =SUM(Q19) -> 1285.6451
A19: Chitado | B19: 32985.358 | C19: 1295.4835 | D19: 24.708904 | E19: 588.03101 | F19: 12.437624 | G19: 3.7417342 | H19: 4692.633 | I19: 79.330206 | J19: 22237.028 | K19: 8.352011 | L19: 665.75958 | M19: 2.0654047 | N19: 2.2726106 | O19: 3.5345282 | P19: 2084.3347 | Q19: 1285.6451
A20: Cahama | B20: =SUM(B21:B22) -> 130525.77 | C20: =SUM(C21:C22) -> 7666.7597 | D20: =SUM(D21:D22) -> 515.15717 | E20: =SUM(E21:E22) -> 4544.538 | F20: =SUM(F21:F22) -> 289.95048 | G20: =SUM(G21:G22) -> 61.587107 | H20: =SUM(H21:H22) -> 32055.556 | I20: =SUM(I21:I22) -> 767.03536 | ... N20: =SUM(N21:N22) -> 24.359629 | O20: 23.224256 | P20: =SUM(P21:P22) -> 2483.7177 | Q20: =SUM(Q21:Q22) -> 832.39942
A21: Cahama | B21: 76089.644 | C21: 6536.6256 | D21: 510.7498 | E21: 4121.1556 | F21: 289.95048 | G21: 61.587107 | H21: 12427.814 | I21: 724.39696 | J21: 45549.39 | K21: 33.095838 | L21: 3551.1436 | M21: 0 | N21: 16.58404 | O21: 23.224256 | P21: 1506.1779 | Q21: 737.74878
A22: Otchinjau | B22: 54436.127 | C22: 1130.1341 | D22: 4.4073706 | E22: 423.38238 | F22: 0 | G22: 0 | H22: 19627.741 | I22: 42.638403 | J22: 32099.334 | K22: 2.2346171 | L22: 26.288279 | M22: 0 | N22: 7.7755893 | O22: 0 | P22: 977.5398 | Q22: 94.650637
A23: Cuvelai | B23: =SUM(B24) -> 70728.53 | C23: =SUM(C24) -> 4294.6451 | D23: =SUM(D24) -> 363.50754 | E23: =SUM(E24) -> 3030.6838 | F23: =SUM(F24) -> 11617.129 | G23: =SUM(G24) -> 51.526649 | H23: =SUM(H24) -> 30337.884 | I23: =SUM(I24) -> 2982.6205 | ... N23: =SUM(N24) -> 182.56015 | O23: 84.258697 | P23: =SUM(P24) -> 756.33881 | Q23: =SUM(Q24) -> 141.12959
A24: Cuvelai | B24: 70728.53 | C24: 4294.6451 | D24: 363.50754 | E24: 3030.6838 | F24: 11617.129 | G24: 51.526649 | H24: 30337.884 | I24: 2982.6205 | J24: 10411.245 | K24: 43.888991 | L24: 6405.4084 | M24: 25.703016 | N24: 182.56015 | O24: 84.258697 | P24: 756.33881 | Q24: 141.12959
A25: Namacunde | B25: =SUM(B26) -> 130243.73 | C25: =SUM(C26) -> 16657.201 | D25: =SUM(D26) -> 1000.884 | E25: =SUM(E26) -> 12397.594 | F25: =SUM(F26) -> 2310.8554 | G25: =SUM(G26) -> 769.64844 | H25: =SUM(H26) -> 6357.7405 | I25: =SUM(I26) -> 2829.4078 | ... N25: =SUM(N26) -> 25.164409 | O25: 164.98107 | P25: =SUM(P26) -> 1044.4015 | Q25: =SUM(Q26) -> 197.33559
A26: Namacunde | B26: 130243.73 | C26: 16657.201 | D26: 1000.884 | E26: 12397.594 | F26: 2310.8554 | G26: 769.64844 | H26: 6357.7405 | I26: 2829.4078 | J26: 78769.538 | K26: 86.772258 | L26: 7619.8645 | M26: 12.34497 | N26: 25.164409 | O26: 164.98107 | P26: 1044.4015 | Q26: 197.33559
A27: Nehone | B27: =SUM(B28:B29) -> 169044.38 | C27: =SUM(C28:C29) -> 8710.0547 | D27: =SUM(D28:D29) -> 66.305356 | E27: =SUM(E28:E29) -> 77.472658 | F27: =SUM(F28:F29) -> 5.4379231 | G27: =SUM(G28:G29) -> 262.5191 | H27: =SUM(H28:H29) -> 75.47519 | I27: =SUM(I28:I29) -> 35.679477 | ... N27: =SUM(N28:N29) -> 530.76597 | O27: 17.106862 | P27: =SUM(P28:P29) -> 20.656915 | Q27: =SUM(Q28:Q29) -> 47.778706
A28: Nehone | B28: 88467.719 | C28: 5135.0686 | D28: 15.812451 | E28: 30.839514 | F28: 3.3725184 | G28: 175.24136 | H28: 41.248285 | I28: 33.614073 | J28: 82560.317 | K28: 0 | L28: 3.5345282 | M28: 0 | N28: 412.60189 | O28: 10.741435 | P28: 19.187791 | Q28: 26.139706
A29: Evale | B29: 80576.666 | C29: 3574.9861 | D29: 50.492905 | E29: 46.633144 | F29: 2.0654047 | G29: 87.277732 | H29: 34.226905 | I29: 2.0654047 | J29: 76614.563 | K29: 4.3380153 | L29: 10.314367 | M29: 2.0654047 | N29: 118.16408 | O29: 6.3654265 | P29: 1.4691235 | Q29: 21.639
A30: Cafima | B30: =SUM(B31:B32) -> 25194.451 | C30: =SUM(C31:C32) -> 1139.4079 | D30: =SUM(D31:D32) -> 12.342979 | E30: =SUM(E31:E32) -> 268.45027 | F30: =SUM(F31:F32) -> 755.95179 | G30: =SUM(G31:G32) -> 8.3140175 | H30: =SUM(H31:H32) -> 1813.0791 | I30: =SUM(I31:I32) -> 5738.934 | ... N30: =SUM(N31:N32) -> 113.54186 | O30: 2.0654047 | P30: =SUM(P31:P32) -> 114.50506 | Q30: =SUM(Q31:Q32) -> 16.015357
A31: Cafima | B31: 17787.905 | C31: 864.31241 | D31: 8.6392379 | E31: 35.982136 | F31: 5.2179793 | G31: 3.8067898 | H31: 27.366567 | I31: 1923.1251 | J31: 14779.017 | K31: 0 | L31: 6.6871028 | M31: 0 | N31: 113.54186 | O31: 2.0654047 | P31: 18.143381 | Q31: 0
A32: Chissuata | B32: 7406.5458 | C32: 275.09547 | D32: 3.7037406 | E32: 232.46814 | F32: 750.73381 | G32: 4.5072277 | H32: 1785.7125 | I32: 3815.8089 | J32: 391.34243 | K32: 1.4691235 | L32: 33.327434 | M32: 0 | N32: 0 | O32: 0 | P32: 96.361681 | Q32: 16.015357
A33: Mupa | B33: =SUM(B34) -> 37495.011 | C33: =SUM(C34) -> 1856.2621 | D33: =SUM(D34) -> 20.984208 | E33: =SUM(E34) -> 59.336889 | F33: =SUM(F34) -> 829.35585 | G33: =SUM(G34) -> 51.697102 | H33: =SUM(H34) -> 45.528447 | I33: =SUM(I34) -> 8.0797495 | ... N33: =SUM(N34) -> 73.304422 | O33: 5.8071389 | P33: =SUM(P34) -> 5.7691453 | Q33: =SUM(Q34) -> 16.944852
A34: Mupa | B34: 37495.011 | C34: 1856.2621 | D34: 20.984208 | E34: 59.336889 | F34: 829.35585 | G34: 51.697102 | H34: 45.528447 | I34: 8.0797495 | J34: 34502.991 | K34: 7.1285768 | L34: 11.821484 | M34: 0 | N34: 73.304422 | O34: 5.8071389 | P34: 5.7691453 | Q34: 16.944852
A35: Chiéde | B35: =SUM(B36) -> 93839.841 | C35: =SUM(C36) -> 4861.4702 | D35: =SUM(D36) -> 58.82572 | E35: =SUM(E36) -> 42.415227 | F35: =SUM(F36) -> 143.98244 | G35: =SUM(G36) -> 139.29862 | H35: =SUM(H36) -> 53.75972 | I35: =SUM(I36) -> 8.9632575 | ... N35: =SUM(N36) -> 567.98652 | O35: 20.848596 | P35: =SUM(P36) -> 227.48229 | Q35: =SUM(Q36) -> 7.7663955
A36: Chiéde | B36: 93839.841 | C36: 4861.4702 | D36: 58.82572 | E36: 42.415227 | F36: 143.98244 | G36: 139.29862 | H36: 53.75972 | I36: 8.9632575 | J36: 87679.259 | K36: 10.069167 | L36: 17.713538 | M36: 0 | N36: 567.98652 | O36: 20.848596 | P36: 227.48229 | Q36: 7.7663955
A37: Humbe | B37: =SUM(B38:B39) -> 184059.3 | C37: =SUM(C38:C39) -> 15564.347 | D37: =SUM(D38:D39) -> 108.36124 | E37: =SUM(E38:E39) -> 1181.8613 | F37: =SUM(F38:F39) -> 28.411328 | G37: =SUM(G38:G39) -> 21.736963 | H37: =SUM(H38:H39) -> 98522.331 | I37: =SUM(I38:I39) -> 384.87082 | ... N37: =SUM(N38:N39) -> 21.186341 | O37: 27.239359 | P37: =SUM(P38:P39) -> 2032.0976 | Q37: =SUM(Q38:Q39) -> 208.7763
A38: Mucope | B38: 112763.08 | C38: 10460.179 | D38: 80.063419 | E38: 1025.5795 | F38: 9.8999547 | G38: 18.798716 | H38: 58550.108 | I38: 363.90768 | J38: 1392.4818 | K38: 1.4691235 | L38: 40381.007 | M38: 0 | N38: 21.186341 | O38: 23.497625 | P38: 264.38103 | Q38: 170.52517
A39: Humbe | B39: 71296.219 | C39: 5104.1685 | D39: 28.297822 | E39: 156.28188 | F39: 18.511374 | G39: 2.9382471 | H39: 39972.223 | I39: 20.963147 | J39: 10437.885 | K39: 12.509629 | L39: 13732.73 | M39: 0 | N39: 0 | O39: 3.7417342 | P39: 1767.7166 | Q39: 38.251128
A40: Naulila | B40: =SUM(B41) -> 78360.803 | C40: =SUM(C41) -> 6000.9458 | D40: =SUM(D41) -> 292.99743 | E40: =SUM(E41) -> 4687.2714 | F40: =SUM(F41) -> 519.11865 | G40: =SUM(G41) -> 143.56481 | H40: =SUM(H41) -> 17421.546 | I40: =SUM(I41) -> 638.69683 | ... N40: =SUM(N41) -> 8.8072495 | O40: 43.703082 | P40: =SUM(P41) -> 10827.743 | Q40: =SUM(Q41) -> 682.81924
A41: Naulila | B41: 78360.803 | C41: 6000.9458 | D41: 292.99743 | E41: 4687.2714 | F41: 519.11865 | G41: 143.56481 | H41: 17421.546 | I41: 638.69683 | J41: 29228.504 | K41: 30.516279 | L41: 7809.511 | M41: 25.058613 | N41: 8.8072495 | O41: 43.703082 | P41: 10827.743 | Q41: 682.81924

Sheet 7. Religião

Sheet Q 7.1
A1: Quadro 7.1 - População com 2 ou mais anos por município, comuna e área de residência, segundo a religião ou espiritualidade, 2024
A2: Área de residência e município | B2: População com 2 ou mais anos | C2: Católica | D2: Bom Deus | E2: Islâmica/ Muçulmana | F2: Animista | G2: Judaica | H2: Protestante | I2: Universal do reino de Deus | J2: Nova apostólica | K2: Tocoísta | L2: Kimbanguista | M2: Josafat | N2: Assembleia de Deus Pentecostal | O2: Testemunha de Jeová | P2: Metodista | Q2: Evangélica | R2: Adventista | S2: Baptista | T2: Mensagem dos últimos Tempos | U2: Sem religião | V2: Outra religião | W2: Não sabe/ Não respondeu
A3: Cunene | B3: 1688676.8 | C3: 1192862 | D3: 10526.441 | E3: 1223.6073 | F3: 526.40375 | G3: 453.55204 | H3: 35003.856 | I3: 3857.0698 | J3: 6777.6398 | K3: 3583.059 | L3: 653.98724 | M3: 2212.4272 | N3: 45778.731 | O3: 11009.027 | P3: 3328.4395 | Q3: 172374.69 | R3: 36443.413 | S3: 3638.6939 | T3: 186.79369 | U3: 100676.27 | V3: 26197.404 | W3: 31363.266
A5: Área de residência
A6: Urbana | B6: 434543.09 | C6: 235080.23 | D6: 9017.4938 | E6: 428.99458 | F6: 47.595658 | G6: 108.15364 | H6: 14284.966 | I6: 2777.5937 | J6: 4694.3859 | K6: 2639.351 | L6: 478.4584 | M6: 1526.2613 | N6: 36476.772 | O6: 7711.9244 | P6: 2319.5948 | Q6: 48867.547 | R6: 29948.653 | S6: 1732.9886 | T6: 22719.588 | U6: 14073.566 | V6: 14495.623 | W6: 7664.3408
A7: Rural | B7: 1254133.7 | C7: 957781.78 | D7: 1508.9472 | E7: 794.61273 | F7: 478.80809 | G7: 345.3984 | H7: 20718.89 | I7: 1079.4761 | J7: 2083.2539 | K7: 943.70798 | L7: 175.52883 | M7: 686.16595 | N7: 9301.9592 | O7: 3297.1025 | P7: 1008.8447 | Q7: 123507.14 | R7: 6494.761 | S7: 1905.7054 | T7: 36071.135 | U7: 86602.707 | V7: 11701.781 | W7: 23698.926
A8: Municipios
A9: Ombadja | B9: 231702.79 | C9: 147879.63 | D9: 1298.9897 | E9: 143.61808 | F9: 44.491419 | G9: 37.871766 | H9: 5411.1581 | I9: 536.13546 | J9: 1317.1008 | K9: 546.7809 | L9: 134.20719 | M9: 242.0307 | N9: 3855.7159 | O9: 911.40716 | P9: 616.25389 | Q9: 49639.699 | R9: 3594.095 | S9: 549.8875 | T9: 23.091535 | U9: 7995.8097 | V9: 3752.2542 | W9: 3172.5557
A10: Cuanhama | B10: 470833.35 | C10: 338431.43 | D10: 5185.2615 | E10: 359.86568 | F10: 30.754963 | G10: 54.890614 | H10: 8452.7375 | I10: 2000.8961 | J10: 2793.0341 | K10: 1774.8657 | L10: 383.27338 | M10: 1309.8843 | N10: 26080.869 | O10: 4985.1746 | P10: 1349.0092 | Q10: 32635.625 | R10: 19622.17 | S10: 849.34251 | T10: 108.45468 | U10: 11221.921 | V10: 8300.4732 | W10: 4903.4108
A11: Curoca | B11: 33663.47 | C11: 10047.365 | D11: 225.34616 | E11: 2.2726106 | F11: 0 | G11: 6.0702066 | H11: 108.40602 | I11: 68.806024 | J11: 7.9085459 | K11: 58.526921 | L11: 29.463675 | M11: 23.972562 | N11: 321.99212 | O11: 86.816727 | P11: 366.14812 | Q11: 1274.0215 | R11: 665.65978 | S11: 6.2322164 | T11: 0 | U11: 16358.283 | V11: 199.87494 | W11: 3806.3032
A12: Chitado | B12: 32985.358 | C12: 16403.611 | D12: 9.384791 | E12: 18.722239 | F12: 10.208219 | G12: 10.199025 | H12: 231.77773 | I12: 78.357397 | J12: 73.50884 | K12: 4.5452213 | L12: 6.032213 | M12: 12.635636 | N12: 481.79151 | O12: 330.10661 | P12: 19.337144 | Q12: 5809.0989 | R12: 688.56144 | S12: 0 | T12: 2.0654047 | U12: 5875.9173 | V12: 1700.4836 | W12: 1219.0135
A13: Cahama | B13: 130525.77 | C13: 81075.28 | D13: 768.27523 | E13: 46.737851 | F13: 8.3048237 | G13: 5.8630006 | H13: 1478.413 | I13: 99.480235 | J13: 75.979854 | K13: 11.78349 | L13: 7.9375991 | M13: 136.35616 | N13: 2798.8529 | O13: 2790.2005 | P13: 154.9931 | Q13: 4937.9734 | R13: 3175.7423 | S13: 310.52578 | T13: 4.3000218 | U13: 24626.606 | V13: 1180.7646 | W13: 6831.401
A14: Cuvelai | B14: 70728.53 | C14: 45486.021 | D14: 674.57928 | E14: 51.169091 | F14: 9.6011908 | G14: 60.355432 | H14: 5562.0576 | I14: 155.30966 | J14: 301.00335 | K14: 122.33108 | L14: 6.0143448 | M14: 77.811581 | N14: 2368.9266 | O14: 252.6582 | P14: 25.58409 | Q14: 6727.096 | R14: 1426.9368 | S14: 505.97061 | T14: 0 | U14: 3172.8261 | V14: 2166.9369 | W14: 1575.3405
A15: Namacunde | B15: 130243.73 | C15: 77341.924 | D15: 1492.1772 | E15: 195.81306 | F15: 247.36628 | G15: 118.19291 | H15: 4397.6105 | I15: 428.89424 | J15: 904.62511 | K15: 518.42933 | L15: 24.474717 | M15: 188.75489 | N15: 5814.0281 | O15: 1029.1666 | P15: 133.49255 | Q15: 22646.107 | R15: 4289.9663 | S15: 130.00338 | T15: 48.882041 | U15: 4401.7245 | V15: 3942.0612 | W15: 1950.0395
A16: Nehone | B16: 169044.38 | C16: 159489.53 | D16: 8.0904151 | E16: 80.056229 | F16: 5.8630006 | G16: 9.0607713 | H16: 323.8322 | I16: 26.963999 | J16: 22.53532 | K16: 8.1448051 | L16: 0 | M16: 10.663105 | N16: 368.44915 | O16: 30.883268 | P16: 8.6760307 | Q16: 3269.7589 | R16: 79.774969 | S16: 2.2346171 | T16: 0 | U16: 4027.2622 | V16: 144.07758 | W16: 1128.5297
A17: Cafima | B17: 17787.905 | C17: 16294.488 | D17: 2.0654047 | E17: 0 | F17: 0 | G17: 0 | H17: 483.74063 | I17: 2.0654047 | J17: 13.504935 | K17: 0 | L17: 0 | M17: 0 | N17: 11.924013 | O17: 0 | P17: 7.4454748 | Q17: 326.38033 | R17: 1.9033949 | S17: 2.2346171 | T17: 0 | U17: 418.47199 | V17: 103.01591 | W17: 120.6649
A18: Chissuata | B18: 7406.5458 | C18: 4291.8517 | D18: 6.40342 | E18: 0 | F18: 0 | G18: 0 | H18: 1604.5741 | I18: 4.5452213 | J18: 37.580361 | K18: 0 | L18: 0 | M18: 0 | N18: 23.658844 | O18: 0 | P18: 1.4691235 | Q18: 266.8967 | R18: 14.283166 | S18: 1021.3145 | T18: 0 | U18: 32.885534 | V18: 90.109807 | W18: 10.97336
A19: Mupa | B19: 37495.011 | C19: 35714.85 | D19: 9.595541 | E19: 24.036146 | F19: 1.9033949 | G19: 0 | H19: 150.80585 | I19: 13.524794 | J19: 12.991577 | K19: 13.91395 | L19: 7.5301363 | M19: 7.1793082 | N19: 21.878358 | O19: 2.2346171 | P19: 8.6380371 | Q19: 311.4553 | R19: 32.712858 | S19: 0 | T19: 0 | U19: 856.15217 | V19: 8.9525919 | W19: 296.65643
A20: Chiéde | B20: 93839.841 | C20: 74816.503 | D20: 52.16229 | E20: 38.845938 | F20: 5.8630006 | G20: 9.4067227 | H20: 2001.3435 | I20: 17.02141 | J20: 126.81659 | K20: 21.685124 | L20: 4.1308094 | M20: 9.235519 | N20: 146.4573 | O20: 30.574248 | P20: 56.842713 | Q20: 10539.209 | R20: 257.62109 | S20: 155.41775 | T20: 0 | U20: 4592.2528 | V20: 445.2947 | W20: 513.15746
... A22: Naulila | B22: 78360.803 | C22: 45190.168 | D22: 504.71907 | E22: 174.19604 | F22: 118.35789 | G22: 117.23797 | H22: 3442.3684 | I22: 199.58476 | J22: 425.26358 | K22: 370.5073 | L22: 40.591288 | M22: 96.040022 | N22: 1392.496 | O22: 373.94498 | P22: 155.53727 | Q22: 17113.016 | R22: 1461.5034 | S22: 59.352727 | T22: 0 | U22: 3310.669 | V22: 2764.2347 | W22: 1051.0146

Sheet 8. Educação

Sheet Q8.1
A1: Quadro 8.1-População com 15 ou mais anos que sabe ler e escrever por área de residência, município e comuna, segundo o sexo
A2: ='Q5.1'!$A$2 -> Área de residência, município e comuna | B2: Total da população com 15 ou mais anos | F2: População com 15 ou mais anos que sabe ler e escrever | J2: Taxa de alfabetização | M2: Índice de paridade no género
B3: Total | C3: Homens | D3: Mulheres | F3: Total | G3: Homens | H3: Mulheres | J3: Total | K3: Homens | L3: Mulheres
A4: Cunene | B4: 948849.04 | C4: 437700.81 | D4: 511148.23 | F4: 519089.82 | G4: 254508.06 | H4: 264581.76 | J4: 54.707314 | K4: 58.146583 | L4: 51.762237 | M4: 0.89020256
A6: Área de residência
A7: Urbana | B7: 264765.17 | C7: 122443.87 | D7: 142321.3 | F7: 231782.47 | G7: 111167.74 | H7: 120614.72 | J7: 87.542659 | K7: 90.790782 | L7: 84.748189 | M7: 0.93344486
A8: Rural | B8: 684083.87 | C8: 315256.94 | D8: 368826.93 | F8: 287307.35 | G8: 143340.32 | H8: 143967.03 | J8: 41.998849 | K8: 45.467775 | L8: 39.033764 | M8: 0.85849293
A9: Municípios / Comunas
A10: Ombadja | B10: 127913.96 | C10: 56998.024 | D10: 70915.941 | F10: 78901.886 | G10: 37087.261 | H10: 41814.625 | J10: 61.683559 | K10: 65.067627 | L10: 58.963647 | M10: 0.90619022
A11: Xangongo | B11: 77893.512 | C11: 35183.795 | D11: 42709.717 | F11: 47473.907 | G11: 22806.514 | H11: 24667.393 | J11: 60.94719 | K11: 64.821075 | L11: 57.755926 | M11: 0.89100538
A12: Ombala yo Mungu | B12: 50020.452 | C12: 21814.229 | D12: 28206.224 | F12: 31427.979 | G12: 14280.747 | H12: 17147.232 | J12: 62.830258 | K12: 65.465286 | L12: 60.792371 | M12: 0.92861997
A13: Cuanhama | B13: 280886.54 | C13: 130398.82 | D13: 150487.73 | F13: 212764.42 | G13: 102198.39 | H13: 110566.03 | J13: 75.747459 | K13: 78.373708 | L13: 73.471793 | M13: 0.9374546
A14: Ondjiva | B14: 229407 | C14: 106466.2 | D14: 122940.8 | F14: 187857.94 | G14: 89851.134 | H14: 98006.806 | J14: 81.888494 | K14: 84.394044 | L14: 79.718698 | M14: 0.944601
A15: Môngua | B15: 51479.538 | C15: 23932.614 | D15: 27546.925 | F15: 24906.478 | G15: 12347.254 | H15: 12559.224 | J15: 48.381316 | K15: 51.591749 | L15: 45.59211 | M15: 0.88370933
A16: Curoca | B16: 17571.679 | C16: 8119.3206 | D16: 9452.3587 | F16: 5429.4876 | G16: 3020.8954 | H16: 2408.5922 | J16: 30.899082 | K16: 37.206259 | L16: 25.481388 | M16: 0.68486833
A17: Curoca | B17: 17571.679 | C17: 8119.3206 | D17: 9452.3587 | F17: 5429.4876 | G17: 3020.8954 | H17: 2408.5922 | J17: 30.899082 | K17: 37.206259 | L17: 25.481388 | M17: 0.68486833
A18: Chitado | B18: 18182.221 | C18: 9010.3075 | D18: 9171.9133 | F18: 3158.5829 | G18: 1858.667 | H18: 1299.9159 | J18: 17.371821 | K18: 20.628231 | L18: 14.172789 | M18: 0.68705788
A19: Chitado | B19: 18182.221 | C19: 9010.3075 | D19: 9171.9133 | F19: 3158.5829 | G19: 1858.667 | H19: 1299.9159 | J19: 17.371821 | K19: 20.628231 | L19: 14.172789 | M19: 0.68705788
A20: Cahama | B20: 65497.469 | C20: 29714.361 | D20: 35783.108 | F20: 22874.636 | G20: 12261.397 | H20: 10613.239 | J20: 34.924458 | K20: 41.264214 | L20: 29.659912 | M20: 0.7187805
A21: Cahama | B21: 39610.229 | C21: 17993.218 | D21: 21617.011 | F21: 18733.04 | G21: 9807.4565 | H21: 8925.5837 | J21: 47.293441 | K21: 54.506406 | L21: 41.289629 | M21: 0.75751884
... A42: Naulila | B42: 43389.033 | C42: 19400.271 | D42: 23988.763 | F42: 20233.772 | G42: 9856.0969 | H42: 10377.675 | J42: 46.633379 | K42: 50.803914 | L42: 43.26057 | M42: 0.85152042

Sheet Q8.2
A1: Quadro 8.2-População com 15 ou mais anos que sabe ler e escrever por grupo etário e área de residência, segundo o sexo
A2: Grupo etário e área de residência | B2: Total da população com 15 ou mais anos | F2: População com 15 ou mais anos que sabe ler e escrever | J2: Taxa de alfabetização | M2: Índice de paridade no género
B3: Total | C3: Homens | D3: Mulheres | F3: Total | G3: Homens | H3: Mulheres | J3: Total | K3: Homens | L3: Mulheres
A4: Cunene | B4: 948849.04 | C4: 437700.81 | D4: 511148.23 | F4: 519089.82 | G4: 254508.06 | H4: 264581.76 | J4: 54.707314 | K4: 58.146583 | L4: 51.762237 | M4: =+L4/K4 -> 0.89020256
A6: Grupo etario
A7: 15-19 anos | B7: 222947.75 | C7: 108515.24 | D7: 114432.51 | F7: 119154.25 | G7: 55443.085 | H7: 63711.168 | J7: 53.444923 | K7: 51.09244 | L7: 55.67576 | M7: =+L7/K7 -> 1.0897064
A8: 20-24 anos | B8: 178638.56 | C8: 82625.305 | D8: 96013.254 | F8: 98479.037 | G8: 46445.344 | H8: 52033.693 | J8: 55.127536 | K8: 56.212009 | L8: 54.194281 | M8: =+L8/K8 -> 0.96410505
A9: 25-29 anos | B9: 143424.46 | C9: 65544.364 | D9: 77880.094 | F9: 81236.74 | G9: 38943.456 | H9: 42293.284 | J9: 56.640786 | K9: 59.415416 | L9: 54.305641 | M9: =+L9/K9 -> 0.91399917
A10: 30-34 anos | B10: 108989.34 | C10: 50129.437 | D10: 58859.903 | F10: 62137.7 | G10: 30875.735 | H10: 31261.965 | J10: 57.01264 | K10: 61.592023 | L10: 53.112499 | M10: =+L10/K10 -> 0.86232756
A11: 35-39 anos | B11: 85608.959 | C11: 39083.653 | D11: 46525.306 | F11: 48293.293 | G11: 24927.369 | H11: 23365.923 | J11: 56.411494 | K11: 63.779528 | L11: 50.221966 | M11: =+L11/K11 -> 0.78743082
A12: 40-44 anos | B12: 64954.912 | C12: 29529.091 | D12: 35425.821 | F12: 34554.221 | G12: 18035.114 | H12: 16519.107 | J12: 53.19724 | K12: 61.07575 | L12: 46.630131 | M12: =+L12/K12 -> 0.76348028
A13: 45-49 anos | B13: 37086.555 | C13: 16301.395 | D13: 20785.16 | F13: 20025.623 | G13: 10132.545 | H13: 9893.0779 | J13: 53.996989 | K13: 62.157534 | L13: 47.596833 | M13: =+L13/K13 -> 0.7657452
A14: 50-54 anos | B14: 29832.023 | C14: 12959.139 | D14: 16872.884 | F14: 16058.989 | G14: 8263.8199 | H14: 7795.1695 | J14: 53.83138 | K14: 63.76828 | L14: 46.199391 | M14: =+L14/K14 -> 0.72448858
A15: 55-59 anos | B15: 22217.555 | C15: 9824.0291 | D15: 12393.526 | F15: 12729.955 | G15: 6749.1536 | H15: 5980.8019 | J15: 57.296833 | K15: 68.700464 | L15: 48.257468 | M15: =+L15/K15 -> 0.70243293
A16: 60-64 anos | B16: 20523.656 | C16: 8993.9743 | D16: 11529.682 | F16: 11100.697 | G16: 6073.3567 | H16: 5027.3408 | J16: 54.08733 | K16: 67.526952 | L16: 43.603466 | M16: =+L16/K16 -> 0.64571944
A17: 65-69 anos | B17: 9681.2481 | C17: 4217.1321 | D17: 5464.116 | F17: 4932.4899 | G17: 2866.8671 | H17: 2065.6228 | J17: 50.948905 | K17: 67.981439 | L17: 37.803422 | M17: =+L17/K17 -> 0.55608447
A18: 70-74 anos | B18: 8829.994 | C18: 3663.7626 | D18: 5166.2314 | F18: 3981.2162 | G18: 2194.9961 | H18: 1786.2202 | J18: 45.087417 | K18: 59.910979 | L18: 34.574916 | M18: =+L18/K18 -> 0.57710484
... A59: 95 ou mais anos | B59: 912.13556 | C59: 268.53097 | D59: 643.60459 | F59: 154.37813 | G59: 75.014724 | H59: 79.363404 | J59: 16.924911 | K59: 27.935223 | L59: 12.331081 | M59: =+L59/K59 -> 0.44141696

Sheet Q8.3
A1: Quadro 8.3-População com 15-24 anos que sabe ler e escrever por área de residência, município e comuna, segundo o sexo
A2: ='Q5.1'!$A$2 -> Área de residência, município e comuna | B2: Total da população com 15-24 anos | F2: População ccom 15-24 anos que sabe ler e escrever | J2: Taxa de alfabetização | M2: Índice de paridade no género
B3: Total | C3: Homens | D3: Mulheres | F3: Total | G3: Homens | H3: Mulheres | J3: Total | K3: Homens | L3: Mulheres
A4: Cunene | B4: 401586.31 | C4: 191140.55 | D4: 210445.76 | F4: 217633.29 | G4: 101888.43 | H4: 115744.86 | J4: 54.193404 | K4: 53.305502 | L4: 54.999854 | M4: 1.0317857
A6: Área de residência
A7: Urbana | B7: 116805.55 | C7: 52847.816 | D7: 63957.739 | F7: 104615.98 | G7: 47590.949 | H7: 57025.028 | J7: 89.564214 | K7: 90.05282 | L7: 89.160483 | M7: 0.99009095
A8: Rural | B8: 284780.75 | C8: 138292.73 | D8: 146488.02 | F8: 113017.31 | G8: 54297.48 | H8: 58719.833 | J8: 39.685727 | K8: 39.262714 | L8: 40.085074 | M8: 1.0209451
A9: Municípios / Comunas
A10: Ombadja | B10: 53008.854 | C10: 25465.155 | D10: 27543.699 | F10: 33845.628 | G10: 15905.64 | H10: 17939.988 | J10: 63.84901 | K10: 62.460409 | L10: 65.132822 | M10: 1.0427857
A11: Xangongo | B11: 33594.235 | C11: 15705.567 | D11: 17888.668 | F11: 21075.288 | G11: 9679.6665 | H11: 11395.621 | J11: 62.734835 | K11: 61.632073 | L11: 63.703019 | M11: 1.0336018
A12: Ombala yo Mungu | B12: 19414.619 | C12: 9759.5878 | D12: 9655.0307 | F12: 12770.34 | G12: 6225.9733 | H12: 6544.3667 | J12: 65.77693 | K12: 63.793404 | L12: 67.781936 | M12: 1.0625226
A13: Cuanhama | B13: 119342.05 | C13: 55700.694 | D13: 63641.359 | F13: 91151.794 | G13: 41765.152 | H13: 49386.642 | J13: 76.378604 | K13: 74.981385 | L13: 77.601489 | M13: 1.0349434
A14: Ondjiva | B14: 97370.984 | C14: 44901.26 | D14: 52469.724 | F14: 81047.636 | G14: 36865.575 | H14: 44182.062 | J14: 83.235922 | K14: 82.103653 | L14: 84.204868 | M14: 1.0255922
A15: Môngua | B15: 21971.07 | C15: 10799.435 | D15: 11171.635 | F15: 10104.158 | G15: 4899.5775 | H15: 5204.5803 | J15: 45.988466 | K15: 45.368833 | L15: 46.587454 | M15: 1.0268603
A16: Curoca | B16: 7581.789 | C16: 3471.0453 | D16: 4110.7437 | F16: 2199.4062 | G16: 1186.3057 | H16: 1013.1004 | J16: 29.009066 | K16: 34.17719 | L16: 24.645186 | M16: 0.72110041
A17: Curoca | B17: 7581.789 | C17: 3471.0453 | D17: 4110.7437 | F17: 2199.4062 | G17: 1186.3057 | H17: 1013.1004 | J17: 29.009066 | K17: 34.17719 | L17: 24.645186 | M17: 0.72110041
A18: Chitado | B18: 8059.3721 | C18: 3930.0676 | D18: 4129.3045 | F18: 1286.6046 | G18: 675.74222 | H18: 610.86234 | J18: 15.964079 | K18: 17.194163 | L18: 14.793347 | M18: 0.8603703
A19: Chitado | B19: 8059.3721 | C19: 3930.0676 | D19: 4129.3045 | F19: 1286.6046 | G19: 675.74222 | H19: 610.86234 | J19: 15.964079 | K19: 17.194163 | L19: 14.793347 | M19: 0.8603703
A20: Cahama | B20: 29760.729 | C20: 14103.322 | D20: 15657.407 | F20: 10527.474 | G20: 5170.788 | H20: 5356.6862 | J20: 35.373711 | K20: 36.663619 | L20: 34.211834 | M20: 0.93312758
A21: Cahama | B21: 17909.383 | C21: 8427.776 | D21: 9481.6074 | F21: 8709.0168 | G21: 4238.0579 | H21: 4470.959 | J21: 48.628234 | K21: 50.286788 | L21: 47.154019 | M21: 0.93770194
... A42: Naulila | B42: 17647.792 | C42: 8275.2041 | D42: 9372.5881 | F42: 8167.1137 | G42: 3859.6547 | H42: 4307.459 | J42: 46.278387 | K42: 46.641202 | L42: 45.958052 | M42: 0.98535309

Sheet Q8.4
A1: Quadro 8.4 - População com 5 ou mais anos por área de residência, município e comuna, segundo a situação de frequência escolar
A2: ='Q8.3'!$A$2 -> Área de residência, município e comuna | B2: População com 5 ou mais anos | D2: Freqência escolar
D3: A frequentar | H3: Alguma vez frequentou | L3: Nunca frequentou
D4: Total | E4: Homens | F4: Mulheres | H4: Total | I4: Homens | J4: Mulheres | L4: Total | M4: Homens | N4: Mulheres
A5: Cunene | B5: 1493197.1 | D5: 444938.27 | E5: 213120.55 | F5: 231817.71 | H5: 386354.38 | I5: 185576.15 | J5: 200778.23 | L5: 661904.49 | M5: 312417.26 | N5: 349487.23
A7: Área de residência
A8: Urbana | B8: 395494.13 | D8: 204391.77 | E8: 95167.563 | F8: 109224.21 | H8: 146483.12 | I8: 69905.84 | J8: 76577.28 | L8: 44619.242 | M8: 19272.671 | N8: 25346.571
A9: Rural | B9: 1097703 | D9: 240546.49 | E9: 117952.99 | F9: 122593.5 | H9: 239871.26 | I9: 115670.31 | J9: 124200.95 | L9: 617285.24 | M9: 293144.58 | N9: 324140.66
A10: Municípios / Comunas
A11: Ombadja | B11: 204356.21 | D11: 69502.019 | E11: 33580.264 | F11: 35921.755 | H11: 58797.551 | I11: 26841.983 | J11: 31955.568 | L11: 76056.636 | M11: 34938.7 | N11: 41117.936
A12: Xangongo | B12: 128320.15 | D12: 46533.504 | E12: 22162.453 | F12: 24371.051 | H12: 35377.782 | I12: 16523.706 | J12: 18854.076 | L12: 46408.867 | M12: 21424.496 | N12: 24984.371
A13: Ombala yo Mungu | B13: 76036.053 | D13: 22968.515 | E13: 11417.811 | F13: 11550.703 | H13: 23419.769 | I13: 10318.277 | J13: 13101.492 | L13: 29647.77 | M13: 13514.204 | N13: 16133.565
A14: Cuanhama | B14: 423262.38 | D14: 177380.53 | E14: 83643.962 | F14: 93736.566 | H14: 146633.22 | I14: 69915.015 | J14: 76718.207 | L14: 99248.632 | M14: 46635.426 | N14: 52613.206
A15: Ondjiva | B15: 341758.69 | D15: 156234.3 | E15: 73243.179 | F15: 82991.123 | H15: 125077.19 | I15: 59359.554 | J15: 65717.637 | L15: 60447.199 | M15: 28268.205 | N15: 32178.995
A16: Môngua | B16: 81503.689 | D16: 21146.225 | E16: 10400.782 | F16: 10745.443 | H16: 21556.032 | I16: 10555.461 | J16: 11000.571 | L16: 38801.432 | M16: 18367.221 | N16: 20434.211
A17: Curoca | B17: 29450.767 | D17: 5774.4412 | E17: 3028.0359 | F17: 2746.4052 | H17: 2746.7345 | I17: 1536.2451 | J17: 1210.4894 | L17: 20929.591 | M17: 9647.8066 | N17: 11281.784
A18: Curoca | B18: 29450.767 | D18: 5774.4412 | E18: 3028.0359 | F18: 2746.4052 | H18: 2746.7345 | I18: 1536.2451 | J18: 1210.4894 | L18: 20929.591 | M18: 9647.8066 | N18: 11281.784
A19: Chitado | B19: 28761.289 | D19: 2892.3492 | E19: 1514.8933 | F19: 1377.4559 | H19: 2276.0371 | I19: 1245.6245 | J19: 1030.4125 | L19: 23592.903 | M19: 11644.011 | N19: 11948.892
A20: Chitado | B20: 28761.289 | D20: 2892.3492 | E20: 1514.8933 | F20: 1377.4559 | H20: 2276.0371 | I20: 1245.6245 | J20: 1030.4125 | L20: 23592.903 | M20: 11644.011 | N20: 11948.892
A21: Cahama | B21: 113811.34 | D21: 29388.862 | E21: 14216.685 | F21: 15172.177 | H21: 19945.263 | I21: 10254.812 | J21: 9690.4502 | L21: 64477.217 | M21: 29631.062 | N21: 34846.155
A22: Cahama | B22: 66853.52 | D22: 22029.006 | E22: 10591.556 | F22: 11437.45 | H22: 15288.574 | I22: 7699.7788 | J22: 7588.7957 | L22: 29535.94 | M22: 13351.128 | N22: 16184.812
... A43: Naulila | B43: 69092.478 | D43: 16076.487 | E43: 7696.1781 | F43: 8380.3091 | H43: 16692.806 | I43: 7769.9758 | J43: 8922.8303 | L43: 36323.184 | M43: 16936.207 | N43: 19386.977

Sheet Q8.5
A1: Quadro 8.5 - População com 5-11 anos fora do sistema de ensino por área de residência, município e comuna, segundo o sexo
A2: ='Q8.4'!$A$2 -> Área de residência, município e comuna | B2: População com 5-11 anos | F2: População com 5-11 anos fora do sistema de ensino
B3: Total | C3: Masculino | D3: Feminino | F3: Total | G3: Homens | H3: Mulheres
A4: Cunene | B4: 399263.72 | C4: 200480.78 | D4: 198782.95 | F4: 225864.45 | G4: 116636.23 | H4: 109228.22
A6: Área de residência
A7: Urbana | B7: 92918.028 | C7: 44526.116 | D7: 48391.911 | F7: 18445.8 | G7: 9180.0735 | H7: 9265.7263
A8: Rural | B8: 306345.7 | C8: 155954.66 | D8: 150391.04 | F8: 207418.65 | G8: 107456.16 | H8: 99962.492
A9: Municípios / Comunas
A10: Ombadja | B10: 56110.178 | C10: 28130.273 | D10: 27979.905 | F10: 26780.766 | G10: 13854.811 | H10: 12925.955
A11: Xangongo | B11: 36748.845 | C11: 18156.484 | D11: 18592.361 | F11: 17225.724 | G11: 8797.4911 | H11: 8428.2325
A12: Ombala yo Mungu | B12: 19361.333 | C12: 9973.7892 | D12: 9387.5435 | F12: 9555.0423 | G12: 5057.3202 | H12: 4497.7221
A13: Cuanhama | B13: 102731.93 | C13: 50740.701 | D13: 51991.231 | F13: 36368.166 | G13: 18828.382 | H13: 17539.784
A14: Ondjiva | B14: 80898.089 | C14: 39560.159 | D14: 41337.93 | F14: 23335.621 | G14: 12052.296 | H14: 11283.325
A15: Môngua | B15: 21833.843 | C15: 11180.542 | D15: 10653.301 | F15: 13032.545 | G15: 6776.0858 | H15: 6256.459
A16: Curoca | B16: 8778.4572 | C16: 4493.9153 | D16: 4284.5419 | F16: 7014.0101 | G16: 3610.7401 | H16: 3403.27
A17: Curoca | B17: 8778.4572 | C17: 4493.9153 | D17: 4284.5419 | F17: 7014.0101 | G17: 3610.7401 | H17: 3403.27
A18: Chitado | B18: 7752.5273 | C18: 3890.5391 | D18: 3861.9882 | F18: 6865.5453 | G18: 3448.9515 | H18: 3416.5938
A19: Chitado | B19: 7752.5273 | C19: 3890.5391 | D19: 3861.9882 | F19: 6865.5453 | G19: 3448.9515 | H19: 3416.5938
A20: Cahama | B20: 35871.38 | C20: 18158.387 | D20: 17712.993 | F20: 23114.827 | G20: 11970.45 | H20: 11144.377
A21: Cahama | B21: 19896.187 | C21: 10086.089 | D21: 9810.0972 | F21: 10742.761 | G21: 5635.9522 | H21: 5106.8085
... A42: Naulila | B42: 19113.891 | C42: 9714.9274 | D42: 9398.9639 | F42: 12393.004 | G42: 6435.3781 | H42: 5957.626

Sheet Q8.6
A2: Quadro 8.6-População com 12-14 anos fora do sistema de ensino por área de residência, município e comuna, segundo o sexo
A3: ='Q8.4'!$A$2 -> Área de residência, município e comuna | B3: População com 12-14 anos | F3: População com 12-14 anos fora do sistema do ensino
B4: Total | C4: Homens | D4: Mulheres | F4: Total | G4: Homens | H4: Mulheres
A5: Cunene | B5: 145084.37 | C5: 72932.381 | D5: 72151.99 | F5: 70115.357 | G5: 37567.305 | H5: 32548.052
A7: Área de residência
A8: Urbana | B8: 37810.939 | C8: 17376.092 | D8: 20434.847 | F8: 5217.2054 | G8: 2594.3272 | H8: 2622.8781
A9: Rural | B9: 107273.43 | C9: 55556.29 | D9: 51717.142 | F9: 64898.152 | G9: 34972.977 | H9: 29925.174
A10: Município / Comunas
A11: Ombadja | B11: 20332.064 | C11: 10232.651 | D11: 10099.413 | F11: 7980.9347 | G11: 4278.8317 | H11: 3702.103
A12: Xangongo | B12: 13677.796 | C12: 6770.3756 | D12: 6907.42 | F12: 5226.7223 | G12: 2775.1497 | H12: 2451.5726
A13: Ombala yo Mungu | B13: 6654.2685 | C13: 3462.2753 | D13: 3191.9932 | F13: 2754.2124 | G13: 1503.682 | H13: 1250.5304
A14: Cuanhama | B14: 39643.908 | C14: 19054.886 | D14: 20589.022 | F14: 10811.283 | G14: 5731.122 | H14: 5080.1609
A15: Ondjiva | B15: 31453.6 | C15: 14844.577 | D15: 16609.024 | F15: 6517.2241 | G15: 3407.0768 | H15: 3110.1472
A16: Môngua | B16: 8190.3082 | C16: 4210.3095 | D16: 3979.9987 | F16: 4294.0588 | G16: 2324.0451 | H16: 1970.0137
A17: Curoca | B17: 3100.6303 | C17: 1598.8517 | D17: 1501.7786 | F17: 2280.2671 | G17: 1195.332 | H17: 1084.9351
A18: Curoca | B18: 3100.6303 | C18: 1598.8517 | D18: 1501.7786 | F18: 2280.2671 | G18: 1195.332 | H18: 1084.9351
A19: Chitado | B19: 2826.5414 | C19: 1503.682 | D19: 1322.8594 | F19: 2310.7214 | G19: 1260.0474 | H19: 1050.674
A20: Chitado | B20: 2826.5414 | C20: 1503.682 | D20: 1322.8594 | F20: 2310.7214 | G20: 1260.0474 | H20: 1050.674
A21: Cahama | B21: 12442.492 | C21: 6229.8114 | D21: 6212.6809 | F21: 6880.7725 | G21: 3624.0638 | H21: 3256.7086
A22: Cahama | B22: 7347.1042 | C22: 3563.1552 | D22: 3783.949 | F22: 3142.5049 | G22: 1606.4653 | H22: 1536.0397
... A43: Naulila | B43: 6589.5531 | C43: 3287.163 | D43: 3302.3901 | F43: 3673.5521 | G43: 1979.5307 | H43: 1694.0214

Sheet Q8.7
A1: Quadro 8.7 - População com 15-18 anos fora do sistema de ensino por área de residência, município e comuna, segundo o sexo
A2: ='Q8.6'!$A$3 -> Área de residência, município e comuna | B2: População com 15-18 anos | F2: População com 15-18 anos fora do sistema do ensino
B3: Total | C3: Homens | D3: Mulheres | F3: Total | G3: Homens | H3: Mulheres
A4: Cunene | B4: 184025.19 | C4: 90144.454 | D4: 93880.734 | F4: 99038.23 | G4: 50450.95 | H4: 48587.28
A6: Área de residência
A7: Urbana | B7: 53702.318 | C7: 24495.873 | D7: 29206.446 | F7: 11483.697 | G7: 5383.1926 | H7: 6100.5047
A8: Rural | B8: 130322.87 | C8: 65648.581 | D8: 64674.288 | F8: 87554.533 | G8: 45067.758 | H8: 42486.775
A9: Municípios / Comunas
A10: Ombadja | B10: 24840.004 | C10: 12314.975 | D10: 12525.029 | F10: 11740.678 | G10: 6053.5777 | H10: 5687.1005
A11: Xangongo | B11: 16082.539 | C11: 7751.8867 | D11: 8330.6526 | F11: 7307.1979 | G11: 3664.7721 | H11: 3642.4259
A12: Ombala yo Mungu | B12: 8757.4644 | C12: 4563.0881 | D12: 4194.3763 | F12: 4433.4803 | G12: 2388.8057 | H12: 2044.6747
A13: Cuanhama | B13: 54909.012 | C13: 25709.27 | D13: 29199.742 | F13: 19056.815 | G13: 9450.1957 | H13: 9606.6189
A14: Ondjiva | B14: 44725.861 | C14: 20741.716 | D14: 23984.145 | F14: 12940.668 | G14: 6353.0164 | H14: 6587.6512
A15: Môngua | B15: 10183.15 | C15: 4967.5538 | D15: 5215.5963 | F15: 6116.147 | G15: 3097.1793 | H15: 3018.9677
A16: Curoca | B16: 3325.1103 | C16: 1646.9128 | D16: 1678.1974 | F16: 2288.2479 | G16: 1094.9624 | H16: 1193.2855
A17: Curoca | B17: 3325.1103 | C17: 1646.9128 | D17: 1678.1974 | F17: 2288.2479 | G17: 1094.9624 | H17: 1193.2855
A18: Chitado | B18: 3325.1103 | C18: 1722.8898 | D18: 1602.2205 | F18: 2779.8637 | G18: 1414.5126 | H18: 1365.3511
A19: Chitado | B19: 3325.1103 | C19: 1722.8898 | D19: 1602.2205 | F19: 2779.8637 | G19: 1414.5126 | H19: 1365.3511
A20: Cahama | B20: 15005.454 | C20: 7561.9443 | D20: 7443.5096 | F20: 9468.0727 | G20: 4795.4883 | H20: 4672.5844
A21: Cahama | B21: 9206.6225 | C21: 4542.9766 | D21: 4663.6459 | F21: 4802.1922 | G21: 2373.1634 | H21: 2429.0288
... A42: Naulila | B42: 8071.437 | C42: 3870.3568 | D42: 4201.0802 | F42: 5215.5963 | G42: 2576.5135 | H42: 2639.0828

Sheet Q8.8
A1: Quadro 8.8- População com 5 ou mais anos por área de residência e grupos etários, segundo a situação de frequência escolar e sexo
A2: Grupo etário e área de residência | B2: População com 5 ou mais anos | C2: Freqência escolar
C3: A frequentar | G3: Alguma vez frequentou | K3: Nunca frequentou
C4: Total | D4: Homens | E4: Mulheres | G4: Total | H4: Homens | I4: Mulheres | K4: Total | L4: Homens | M4: Mulheres
A5: Cunene | B5: 1493197.1 | C5: 444938.27 | D5: 213120.55 | E5: 231817.71 | G5: 386354.38 | H5: 185576.15 | I5: 200778.23 | K5: 661904.49 | L5: 312417.26 | M5: 349487.23
A7: Grupos etarios
A8: 5-9 anos | B8: 296392.84 | C8: 120305.98 | D8: 58744.476 | E8: 61561.5 | G8: 11652.583 | H8: 5951.9158 | I8: 5700.6677 | K8: 164434.28 | L8: 84617.323 | M8: 79816.961
A9: 10-14 anos | B9: 247955.25 | C9: 128062.31 | D9: 60465.145 | E9: 67597.166 | G9: 16331.128 | H9: 8346.3865 | I9: 7984.7415 | K9: 103561.81 | L9: 55287.911 | M9: 48273.901
A10: 15-19 anos | B10: 222947.75 | C10: 98189.076 | D10: 46042.051 | E10: 52147.025 | G10: 39865.569 | H10: 18945.084 | I10: 20920.485 | K10: 84893.104 | L10: 43528.107 | M10: 41364.997
A11: 20-24 anos | B11: 178638.56 | C11: 40288.841 | D11: 19433.094 | E11: 20855.748 | G11: 65817.077 | H11: 29680.295 | I11: 36136.782 | K11: 72532.641 | L11: 33511.917 | M11: 39020.725
A12: 25-29 anos | B12: 143424.46 | C12: 18203.611 | D12: 8681.3727 | E12: 9522.2386 | G12: 67366.997 | H12: 31223.398 | I12: 36143.6 | K12: 57853.849 | L12: 25639.593 | M12: 32214.256
A13: 30-34 anos | B13: 108989.34 | C13: 10157.66 | D13: 4965.2329 | E13: 5192.4274 | G13: 54344.928 | H13: 26098.454 | I13: 28246.475 | K13: 44486.752 | L13: 19065.751 | M13: 25421.001
A14: 35-39 anos | B14: 85608.959 | C14: 7482.9612 | D14: 3878.83 | E14: 3604.1312 | G14: 42396.562 | H14: 20823.41 | I14: 21573.152 | K14: 35729.436 | L14: 14381.413 | M14: 21348.023
A15: 40-44 anos | B15: 64954.912 | C15: 5320.4825 | D15: 2658.1758 | E15: 2662.3067 | G15: 29904.995 | H15: 14713.943 | I15: 15191.052 | K15: 29729.435 | L15: 12156.972 | M15: 17572.463
A16: 45-49 anos | B16: 37086.555 | C16: 3295.2441 | D16: 1605.752 | E16: 1689.4921 | G16: 16775.922 | H16: 8019.9454 | I16: 8755.9763 | K16: 17015.389 | L16: 6675.6974 | M16: 10339.691
A17: 50-54 anos | B17: 29832.023 | C17: 2738.4463 | D17: 1298.7052 | E17: 1439.7411 | G17: 13391.061 | H17: 6519.9703 | I17: 6871.0908 | K17: 13702.515 | L17: 5140.4633 | M17: 8562.052
A18: 55-59 anos | B18: 22217.555 | C18: 2385.8566 | D18: 1172.3606 | E18: 1213.496 | G18: 10398.456 | H18: 5306.4742 | I18: 5091.9822 | K18: 9433.2423 | L18: 3345.1943 | M18: 6088.048
A19: 60-64 anos | B19: 20523.656 | C19: 2365.2889 | D19: 1135.6325 | E19: 1229.6564 | G19: 8798.5809 | H19: 4734.9852 | I19: 4063.5957 | K19: 9359.7861 | L19: 3123.3567 | M19: 6236.4294
... A48: 65 ou mais anos | B48: 29918.916 | C48: 4453.048 | D48: 2179.7757 | E48: 2273.2723 | G48: 7572.1384 | H48: 4232.3525 | I48: 3339.786 | K48: 17893.73 | L48: 5654.3707 | M48: 12239.359

Sheet Q8.9
A1: Quadro 8.9 - População com 5-18 anos fora do sistema de ensino por área de residência , segundo o sexo
A2: ='Q8.6'!$A$3 -> Área de residência, município e comuna | B2: População com 5-18 anos | F2: População com 5-18 anos fora do sistema de ensino
B3: Total | C3: Homens | D3: Mulheres | F3: Total | G3: Homens | H3: Mulheres
A4: Cunene | B4: 728373.28 | C4: 363557.61 | D4: 364815.67 | F4: 395018.04 | G4: 204654.49 | H4: 190363.55
A6: Área de residência
A7: Urbana | B7: 184431.29 | C7: 86398.081 | D7: 98033.204 | F7: 35146.702 | G7: 17157.593 | H7: 17989.109
A8: Rural | B8: 543942 | C8: 277159.53 | D8: 266782.47 | F8: 359871.33 | G8: 187496.89 | H8: 172374.44
A9: Municípios / Comunas
A10: Ombadja | B10: 101282.25 | C10: 50677.899 | D10: 50604.347 | F10: 46502.379 | G10: 24187.221 | H10: 22315.158
A11: Xangongo | B11: 66509.18 | C11: 32678.746 | D11: 33830.434 | F11: 29759.644 | G11: 15237.413 | H11: 14522.231
A12: Ombala yo Mungu | B12: 34773.066 | C12: 17999.153 | D12: 16773.913 | F12: 16742.735 | G12: 8949.8078 | H12: 7792.9272
A13: Cuanhama | B13: 197284.85 | C13: 95504.857 | D13: 101780 | F13: 66236.263 | G13: 34009.7 | H13: 32226.564
A14: Ondjiva | B14: 157077.55 | C14: 75146.452 | D14: 81931.099 | F14: 42793.513 | G14: 21812.39 | H14: 20981.123
A15: Môngua | B15: 40207.301 | C15: 20358.405 | D15: 19848.896 | F15: 23442.751 | G15: 12197.31 | H15: 11245.44
A16: Curoca | B16: 15204.198 | C16: 7739.6798 | D16: 7464.5179 | F16: 11582.525 | G16: 5901.0344 | H16: 5681.4907
A17: Curoca | B17: 15204.198 | C17: 7739.6798 | D17: 7464.5179 | F17: 11582.525 | G17: 5901.0344 | H17: 5681.4907
A18: Chitado | B18: 13904.179 | C18: 7117.1109 | D18: 6787.0681 | F18: 11956.13 | G18: 6123.5116 | H18: 5832.6188
A19: Chitado | B19: 13904.179 | C19: 7117.1109 | D19: 6787.0681 | F19: 11956.13 | G19: 6123.5116 | H19: 5832.6188
A20: Cahama | B20: 63319.326 | C20: 31950.143 | D20: 31369.183 | F20: 39463.673 | G20: 20390.003 | H20: 19073.67
A21: Cahama | B21: 36449.913 | C21: 18192.221 | D21: 18257.692 | F21: 18687.458 | G21: 9615.5809 | H21: 9071.8769
... A42: Naulila | B42: 33774.881 | C42: 16872.447 | D42: 16902.434 | F42: 21282.152 | G42: 10991.422 | H42: 10290.73

Sheet Q8.10
A1: Quadro 8.10 - População com 5-18 anos por área de residência, município e comuna, segundo a situação de frequência escolar no ensino primário
A2: ='Q8.6'!$A$3 -> Área de residência, município e comuna | B2: População com 5 ou mais anos | D2: Freqência escolar
D3: A frequentar | H3: Alguma vez frequentou | L3: Nunca frequentou
D4: Total | E4: Homens | F4: Mulheres | H4: Total | I4: Homens | J4: Mulheres | L4: Total | M4: Homens | N4: Mulheres
A5: Cunene | B5: 728373.28 | D5: 333355.25 | E5: 158903.12 | F5: 174452.12 | H5: 57143.23 | I5: 28351.809 | J5: 28791.421 | L5: 337874.81 | M5: 176302.68 | N5: 161572.13
A7: Área de resdência
A8: Urbana | B8: 184431.29 | D8: 149284.58 | E8: 69240.488 | F8: 80044.095 | H8: 13653.82 | I8: 6404.9052 | J8: 7248.9145 | L8: 21492.883 | M8: 10752.688 | N8: 10740.195
A9: Rural | B9: 543942 | D9: 184070.66 | E9: 89662.637 | F9: 94408.025 | H9: 43489.41 | I9: 21946.904 | J9: 21542.506 | L9: 316381.92 | M9: 165549.99 | N9: 150831.94
A10: Municípios / Comunas
A11: Ombadja | B11: 101282.25 | D11: 54779.866 | E11: 26490.678 | F11: 28289.189 | H11: 8744.5109 | I11: 4319.4085 | J11: 4425.1024 | L11: 37757.868 | M11: 19867.812 | N11: 17890.056
A12: Xangongo | B12: 66509.18 | D12: 36749.536 | E12: 17441.333 | F12: 19308.203 | H12: 4992.0895 | I12: 2443.9838 | J12: 2548.1057 | L12: 24767.554 | M12: 12793.429 | N12: 11974.125
A13: Ombala yo Mungu | B13: 34773.066 | D13: 18030.331 | E13: 9049.3447 | F13: 8980.9859 | H13: 3752.4214 | I13: 1875.4246 | J13: 1876.9968 | L13: 12990.314 | M13: 7074.3832 | N13: 5915.9304
A14: Cuanhama | B14: 197284.85 | D14: 131048.59 | E14: 61495.157 | F14: 69553.431 | H14: 16565.633 | I14: 8080.3668 | J14: 8485.2658 | L14: 49670.631 | M14: 25929.333 | N14: 23741.298
A15: Ondjiva | B15: 157077.55 | D15: 114284.04 | E15: 53334.062 | F15: 60949.976 | H15: 12837.306 | I15: 6173.5872 | J15: 6663.7192 | L15: 29956.206 | M15: 15638.802 | N15: 14317.404
A16: Môngua | B16: 40207.301 | D16: 16764.55 | E16: 8161.0946 | F16: 8603.4558 | H16: 3728.3261 | I16: 1906.7796 | J16: 1821.5465 | L16: 19714.424 | M16: 10290.531 | N16: 9423.8938
A17: Curoca | B17: 15204.198 | D17: 3621.6726 | E17: 1838.6454 | F17: 1783.0272 | H17: 277.32621 | I17: 127.53199 | J17: 149.79422 | L17: 11305.199 | M17: 5773.5025 | N17: 5531.6964
A18: Curoca | B18: 15204.198 | D18: 3621.6726 | E18: 1838.6454 | F18: 1783.0272 | H18: 277.32621 | I18: 127.53199 | J18: 149.79422 | L18: 11305.199 | M18: 5773.5025 | N18: 5531.6964
A19: Chitado | B19: 13904.179 | D19: 1948.0486 | E19: 993.59932 | F19: 954.44928 | H19: 370.26587 | I19: 185.13293 | J19: 185.13293 | L19: 11585.865 | M19: 5938.3786 | N19: 5647.4859
A20: Chitado | B20: 13904.179 | D20: 1948.0486 | E20: 993.59932 | F20: 954.44928 | H20: 370.26587 | I20: 185.13293 | J20: 185.13293 | L20: 11585.865 | M20: 5938.3786 | N20: 5647.4859
A21: Cahama | B21: 63319.326 | D21: 23855.653 | E21: 11560.14 | F21: 12295.513 | H21: 3591.4722 | I21: 1820.8931 | J21: 1770.5791 | L21: 35872.2 | M21: 18569.109 | N21: 17303.091
A22: Cahama | B22: 36449.913 | D22: 17762.456 | E22: 8576.6404 | F22: 9185.8152 | H22: 2328.968 | I22: 1153.7635 | J22: 1175.2045 | L22: 16358.49 | M22: 8461.8174 | N22: 7896.6724
... A43: Naulila | B43: 33774.881 | D43: 12492.729 | E43: 5881.025 | F43: 6611.704 | H43: 3090.1762 | I43: 1571.6936 | J43: 1518.4825 | L43: 18191.976 | M43: 9419.7286 | N43: 8772.2477

Sheet Q8.11
A1: Quadro 8.11 - População com 5-11 anos por área de residência, município e comuna, segundo a situação de frequência escolar no ensino primário
A2: ='Q8.10'!$A$2 -> Área de residência, município e comuna | B2: População com 5-11 anos | C2: Freqência escolar
C3: A frequentar | G3: Alguma vez frequentou | K3: Nunca frequentou
C4: Total | D4: Homens | E4: Mulheres | G4: Total | H4: Homens | I4: Mulheres | K4: Total | L4: Homens | M4: Mulheres
A5: Cunene | B5: 399263.72 | C5: 173399.27 | D5: 83844.544 | E5: 89554.729 | G5: 17372.285 | H5: 8848.8828 | I5: 8523.4023 | K5: 208492.16 | L5: 107787.35 | M5: 100704.82
A7: Área de residência
A8: Urbana | B8: 92918.028 | C8: 74472.228 | D8: 35346.043 | E8: 39126.185 | G8: 3648.808 | H8: 1754.9301 | I8: 1893.8779 | K8: 14796.992 | L8: 7425.1434 | M8: 7371.8484
A9: Rural | B9: 306345.7 | C9: 98927.045 | D9: 48498.501 | E9: 50428.544 | G9: 13723.477 | H9: 7093.9527 | I9: 6629.5244 | K9: 193695.17 | L9: 100362.21 | M9: 93332.968
A10: Municipio / Comunas
A11: Ombadja | B11: 56110.178 | C11: 29329.412 | D11: 14275.462 | E11: 15053.95 | G11: 2634.2985 | H11: 1332.3764 | I11: 1301.9221 | K11: 24146.467 | L11: 12522.435 | M11: 11624.033
A12: Xangongo | B12: 36748.845 | C12: 19523.121 | D12: 9358.9926 | E12: 10164.129 | G12: 1499.8752 | H12: 749.93758 | I12: 749.93758 | K12: 15725.848 | L12: 8047.5535 | M12: 7678.2949
A13: Ombala yo Mungu | B13: 19361.333 | C13: 9806.2904 | D13: 4916.469 | E13: 4889.8214 | G13: 1134.4233 | H13: 582.43883 | I13: 551.98451 | K13: 8420.6189 | L13: 4474.8814 | M13: 3945.7376
A14: Cuanhama | B14: 102731.93 | C14: 66363.766 | D14: 31912.318 | E14: 34451.447 | G14: 4726.1295 | H14: 2419.2149 | I14: 2306.9146 | K14: 31642.036 | L14: 16409.167 | M14: 15232.869
A15: Ondjiva | B15: 80898.089 | C15: 57562.468 | D15: 27507.863 | E15: 30054.605 | G15: 3485.116 | H15: 1760.6403 | I15: 1724.4758 | K15: 19850.505 | L15: 10291.656 | M15: 9558.8491
A16: Môngua | B16: 21833.843 | C16: 8801.2979 | D16: 4404.4557 | E16: 4396.8422 | G16: 1241.0135 | H16: 658.57463 | I16: 582.43883 | K16: 11791.531 | L16: 6117.5111 | M16: 5674.0201
A17: Curoca | B17: 8778.4572 | C17: 1764.4471 | D17: 883.17522 | E17: 881.27183 | G17: 102.78332 | H17: 45.681477 | I17: 57.101846 | K17: 6911.2268 | L17: 3565.0586 | M17: 3346.1682
A18: Curoca | B18: 8778.4572 | C18: 1764.4471 | D18: 883.17522 | E18: 881.27183 | G18: 102.78332 | H18: 45.681477 | I18: 57.101846 | K18: 6911.2268 | L18: 3565.0586 | M18: 3346.1682
A19: Chitado | B19: 7752.5273 | C19: 886.98201 | D19: 441.58761 | E19: 445.3944 | G19: 114.20369 | H19: 59.005241 | I19: 55.198451 | K19: 6751.3416 | L19: 3389.9463 | M19: 3361.3954
A20: Chitado | B20: 7752.5273 | C20: 886.98201 | D20: 441.58761 | E20: 445.3944 | G20: 114.20369 | H20: 59.005241 | I20: 55.198451 | K20: 6751.3416 | L20: 3389.9463 | M20: 3361.3954
A21: Cahama | B21: 35871.38 | C21: 12756.552 | D21: 6187.9367 | E21: 6568.6157 | G21: 885.07862 | H21: 472.04193 | I21: 413.03669 | K21: 22229.749 | L21: 11498.408 | M21: 10731.34
A22: Cahama | B22: 19896.187 | C22: 9153.426 | D22: 4450.1372 | E22: 4703.2887 | G22: 525.33699 | H22: 289.31602 | I22: 236.02096 | K22: 10217.424 | L22: 5346.6362 | M22: 4870.7875
... A43: Naulila | B43: 19113.891 | C43: 6720.8873 | D43: 3279.5494 | E43: 3441.3379 | G43: 919.33973 | H43: 472.04193 | I43: 447.2978 | K43: 11473.664 | L43: 5963.3361 | M43: 5510.3282

Sheet Q8.12
A1: Quadro 8.12- População com 5 ou mais anos por província e área de residência, segundo o nivél de ensino a frequentar, 2024
A2: ='Q8.11'!$A$2 -> Área de residência, município e comuna | B2: População com 5 ou mais anos a frequentar a escola | C2: Nível de ensino a frequentar
C3: Iniciação ou alfabetização | G3: Ensino Primário | K3: I Ciclo do ensino secundário | O3: II Ciclo do ensino secundário | S3: Ensino Superior
C4: Total | D4: Homens | E4: Mulheres | G4: Total | H4: Homens | I4: Mulheres | K4: Total | L4: Homens | M4: Mulheres | O4: Total | P4: Homens | Q4: Mulheres | S4: Total | T4: Homens | U4: Mulheres
A5: Cunene | B5: 444938.27 | C5: 26903.255 | D5: 13575.787 | E5: 13327.468 | G5: 243683.83 | H5: 118357.15 | I5: 125326.69 | K5: 111878.08 | L5: 52475.255 | M5: 59402.829 | O5: 51173.317 | P5: 22885.002 | Q5: 28288.315 | S5: 11299.777 | T5: 5827.3628 | U5: 5472.4147
A7: Área de residência
A8: Urbana | B8: 204391.77 | C8: 8699.2975 | D8: 4303.885 | E8: 4395.4124 | G8: 92025.302 | H8: 43179.305 | I8: 48845.997 | K8: 53344.893 | L8: 24652.66 | M8: 28692.233 | O8: 39825.193 | P8: 17651.563 | Q8: 22173.63 | S8: 10497.086 | T8: 5380.1497 | U8: 5116.9366
A9: Rural | B9: 240546.49 | C9: 18203.957 | D9: 9271.9021 | E9: 8932.0551 | G9: 151658.53 | H9: 75177.842 | I9: 76480.688 | K9: 58533.191 | L9: 27822.595 | M9: 30710.596 | O9: 11348.124 | P9: 5233.4395 | Q9: 6114.6844 | S9: 802.6912 | T9: 447.21305 | U9: 355.47815
A10: Municípios / Comunas
A11: Ombadja | B11: 69502.019 | C11: 4291.1332 | D11: 2187.864 | E11: 2103.2692 | G11: 40662.676 | H11: 20100.943 | I11: 20561.733 | K11: 16119.39 | L11: 7450.2671 | M11: 8669.1224 | O11: 7342.8595 | P11: 3275.6346 | Q11: 4067.225 | S11: 1085.9602 | T11: 565.55527 | U11: 520.40498
A12: Xangongo | B12: 46533.504 | C12: 2899.1472 | D12: 1445.5413 | E12: 1453.6059 | G12: 26013.962 | H12: 12513.806 | I12: 13500.155 | K12: 10971.443 | L12: 5114.639 | M12: 5856.804 | O12: 5658.6541 | P12: 2563.6544 | Q12: 3094.9998 | S12: 990.298 | T12: 524.81147 | U12: 465.48653
A13: Ombala yo Mungu | B13: 22968.515 | C13: 1391.986 | D13: 742.32267 | E13: 649.66333 | G13: 14648.715 | H13: 7587.1366 | I13: 7061.578 | K13: 5147.9466 | L13: 2335.6281 | M13: 2812.3185 | O13: 1684.2054 | P13: 711.98024 | Q13: 972.22516 | S13: 95.662248 | T13: 40.743804 | U13: 54.918444
A14: Cuanhama | B14: 177380.53 | C14: 9203.343 | D14: 4632.0571 | E14: 4571.2859 | G14: 88388.058 | H14: 42444.957 | I14: 45943.101 | K14: 43907.308 | L14: 20346.296 | M14: 23561.012 | O14: 27968.239 | P14: 12229.081 | Q14: 15739.157 | S14: 7913.5798 | T14: 3991.5698 | U14: 3922.01
A15: Ondjiva | B15: 156234.3 | C15: 7503.2517 | D15: 3818.5231 | E15: 3684.7286 | G15: 74636.126 | H15: 35534.147 | I15: 39101.979 | K15: 39097.225 | L15: 18088.77 | M15: 21008.454 | O15: 27144.269 | P15: 11844.264 | Q15: 15300.005 | S15: 7853.4312 | T15: 3957.4746 | U15: 3895.9566
A16: Môngua | B16: 21146.225 | C16: 1700.0913 | D16: 813.53399 | E16: 886.55734 | G16: 13751.932 | H16: 6910.8103 | I16: 6841.1215 | K16: 4810.0833 | L16: 2257.5257 | M16: 2552.5576 | O16: 823.96984 | P16: 384.81695 | Q16: 439.15289 | S16: 60.148613 | T16: 34.095185 | U16: 26.053429
A17: Curoca | B17: 5774.4412 | C17: 365.44364 | D17: 159.3176 | E17: 206.12604 | G17: 2123.5284 | H17: 1116.5158 | I17: 1007.0126 | K17: 1964.3314 | L17: 1022.2618 | M17: 942.06956 | O17: 1083.0738 | P17: 583.61544 | Q17: 499.45838 | S17: 238.06392 | T17: 146.3253 | U17: 91.738622
A18: Curoca | B18: 5774.4412 | C18: 365.44364 | D18: 159.3176 | E18: 206.12604 | G18: 2123.5284 | H18: 1116.5158 | I18: 1007.0126 | K18: 1964.3314 | L18: 1022.2618 | M18: 942.06956 | O18: 1083.0738 | P18: 583.61544 | Q18: 499.45838 | S18: 238.06392 | T18: 146.3253 | U18: 91.738622
A19: Chitado | B19: 2892.3492 | C19: 221.60897 | D19: 149.11796 | E19: 72.491015 | G19: 1524.9285 | H19: 758.23272 | I19: 766.69573 | K19: 837.09459 | L19: 419.55741 | M19: 417.53718 | O19: 269.42384 | P19: 161.10961 | Q19: 108.31423 | S19: 39.293363 | T19: 26.875598 | U19: 12.417765
A20: Chitado | B20: 2892.3492 | C20: 221.60897 | D20: 149.11796 | E20: 72.491015 | G20: 1524.9285 | H20: 758.23272 | I20: 766.69573 | K20: 837.09459 | L20: 419.55741 | M20: 417.53718 | O20: 269.42384 | P20: 161.10961 | Q20: 108.31423 | S20: 39.293363 | T20: 26.875598 | U20: 12.417765
A21: Cahama | B21: 29388.862 | C21: 2810.3801 | D21: 1403.0679 | E21: 1407.3122 | G21: 17634.44 | H21: 8586.6852 | I21: 9047.7548 | K21: 5915.5766 | L21: 2801.8879 | M21: 3113.6887 | O21: 2465.2683 | P21: 1128.6507 | Q21: 1336.6176 | S21: 563.19676 | T21: 296.39302 | U21: 266.80374
A22: Cahama | B22: 22029.006 | C22: 1652.6782 | D22: 825.98913 | E22: 826.68908 | G22: 12712.128 | H22: 6181.1562 | I22: 6530.9717 | K22: 4779.4188 | L22: 2237.1473 | M22: 2542.2715 | O22: 2332.1185 | P22: 1057.0666 | Q22: 1275.052 | S22: 552.66253 | T22: 290.19681 | U22: 262.46572
... A43: Naulila | B43: 16076.487 | C43: 920.13231 | D43: 464.57179 | E43: 455.56052 | G43: 9967.7235 | H43: 4725.8694 | I43: 5241.8541 | K43: 4328.852 | L43: 2031.2666 | M43: 2297.5853 | O43: 785.61881 | P43: 423.85794 | Q43: 361.76088 | S43: 74.160673 | T43: 50.612397 | U43: 23.548275

Sheet Q8.13
A1: Quadro 8.13 - População com 12-14 anos por área de residência, município e comuna, segundo a situação de frequência escolar no ensino primário
A2: ='Q8.11'!$A$2 -> Área de residência, município e comuna | B2: População com 12-14 anos | C2: Freqência escolar
C3: A frequentar | G3: Alguma vez frequentou | K3: Nunca frequentou
C4: Total | D4: Homens | E4: Mulheres | G4: Total | H4: Homens | I4: Mulheres | K4: Total | L4: Homens | M4: Mulheres
A5: Cunene | B5: 145084.37 | C5: 74969.014 | D5: 35365.077 | E5: 39603.937 | G5: 10611.426 | H5: 5449.4195 | I5: 5162.0069 | K5: 59503.931 | L5: 32117.885 | M5: 27386.045
A7: Área de residência
A8: Urbana | B8: 37810.939 | C8: 32593.734 | D8: 14781.765 | E8: 17811.969 | G8: 2230.7788 | H8: 1105.8724 | I8: 1124.9064 | K8: 2986.4266 | L8: 1488.4548 | M8: 1497.9718
A9: Rural | B9: 107273.43 | C9: 42375.28 | D9: 20583.312 | E9: 21791.968 | G9: 8380.6476 | H9: 4343.5471 | I9: 4037.1005 | K9: 56517.504 | L9: 30629.43 | M9: 25888.074
A10: Municípios / Comunas
A11: Ombadja | B11: 20332.064 | C11: 12351.129 | D11: 5953.8192 | E11: 6397.3102 | G11: 1600.7551 | H11: 812.74961 | I11: 788.00548 | K11: 6380.1796 | L11: 3466.0821 | M11: 2914.0976
A12: Xangongo | B12: 13677.796 | C12: 8451.0733 | D12: 3995.2258 | E12: 4455.8474 | G12: 888.88541 | H12: 473.94532 | I12: 414.94008 | K12: 4337.8369 | L12: 2301.2044 | M12: 2036.6325
A13: Ombala yo Mungu | B13: 6654.2685 | C13: 3900.0561 | D13: 1958.5933 | E13: 1941.4628 | G13: 711.86968 | H13: 338.80429 | I13: 373.0654 | K13: 2042.3427 | L13: 1164.8777 | M13: 877.46504
A14: Cuanhama | B14: 39643.908 | C14: 28832.626 | D14: 13323.764 | E14: 15508.861 | G14: 2758.0192 | H14: 1433.2563 | I14: 1324.7628 | K14: 8053.2637 | L14: 4297.8656 | M14: 3755.3981
A15: Ondjiva | B15: 31453.6 | C15: 24936.376 | D15: 11437.5 | E15: 13498.876 | G15: 2027.1155 | H15: 1029.7366 | I15: 997.37892 | K15: 4490.1085 | L15: 2377.3402 | M15: 2112.7683
A16: Môngua | B16: 8190.3082 | C16: 3896.2493 | D16: 1886.2643 | E16: 2009.985 | G16: 730.90363 | H16: 403.51971 | I16: 327.38392 | K16: 3563.1552 | L16: 1920.5254 | M16: 1642.6298
A17: Curoca | B17: 3100.6303 | C17: 820.36319 | D17: 403.51971 | E17: 416.84348 | G17: 62.812031 | H17: 30.454318 | I17: 32.357713 | K17: 2217.455 | L17: 1164.8777 | M17: 1052.5774
A18: Curoca | B18: 3100.6303 | C18: 820.36319 | D18: 403.51971 | E18: 416.84348 | G18: 62.812031 | H18: 30.454318 | I18: 32.357713 | K18: 2217.455 | L18: 1164.8777 | M18: 1052.5774
A19: Chitado | B19: 2826.5414 | C19: 515.82001 | D19: 243.63454 | E19: 272.18547 | G19: 95.169744 | H19: 45.681477 | I19: 49.488267 | K19: 2215.5516 | L19: 1214.3659 | M19: 1001.1857
A20: Chitado | B20: 2826.5414 | C20: 515.82001 | D20: 243.63454 | E20: 272.18547 | G20: 95.169744 | H20: 45.681477 | I20: 49.488267 | K20: 2215.5516 | L20: 1214.3659 | M20: 1001.1857
A21: Cahama | B21: 12442.492 | C21: 5561.7198 | D21: 2605.7476 | E21: 2955.9722 | G21: 666.18821 | H21: 338.80429 | I21: 327.38392 | K21: 6214.5843 | L21: 3285.2596 | M21: 2929.3247
A22: Cahama | B22: 7347.1042 | C22: 4204.5993 | D22: 1956.6899 | E22: 2247.9093 | G22: 409.2299 | H22: 207.47004 | I22: 201.75986 | K22: 2733.275 | L22: 1398.9952 | M22: 1334.2798
... A43: Naulila | B43: 6589.5531 | C43: 2916.001 | D43: 1307.6323 | E43: 1608.3687 | G43: 597.66599 | H43: 319.77034 | I43: 277.89565 | K43: 3075.8861 | L43: 1659.7603 | M43: 1416.1258

Sheet Q8.14
A1: Quadro 8.14- População com 18 ou mais anos por área de residência, município e comuna, segundo o nível de ensino concluído
A2: ='Q8.11'!$A$2 -> Área de residência, município e comuna | B2: População com 18 ou mais anos | C2: População com 18 ou mais anos que frequenta ou alguma vez frequentou a escola | D2: Nível de ensino concluído
D3: Ensino primário | H3: I Ciclo do ensino secundário | L3: II Ciclo do ensino secundário | P3: Ensino superior | T3: Nenhum nível | X3: Não declarado
D4: Total | E4: Homens | F4: Mulheres | H4: Total | I4: Homens | J4: Mulheres | L4: Total | M4: Homens | N4: Mulheres | P4: Total | Q4: Homens | R4: Mulheres | T4: Total | U4: Homens | V4: Mulheres | X4: Total | Y4: Homens | Z4: Mulheres
A5: Cunene | B5: 807670.4 | C5: 467093.38 | D5: 117072.93 | E5: 54604.521 | F5: 62468.411 | H5: 122453.84 | I5: 58655.428 | J5: 63798.417 | L5: 79122.833 | M5: 40636.71 | N5: 38486.122 | P5: 12777.824 | Q5: 7265.0262 | R5: 5512.7982 | T5: 135240.97 | U5: 62466.544 | V5: 72774.427 | X5: 424.97819 | Y5: 202.26235 | Z5: 222.71584
A7: Área de residencia
A8: Urbana | B8: 223871.67 | C8: 199824.65 | D8: 40080.641 | E8: 17586.279 | F8: 22494.362 | H8: 62375.185 | I8: 29425.491 | J8: 32949.694 | L8: 64812.28 | M8: 32911.946 | N8: 31900.334 | P8: 12040.196 | Q8: 6733.9452 | R8: 5306.2508 | T8: 20425.447 | U8: 8190.8083 | V8: 12234.638 | X8: 90.904426 | Y8: 43.179602 | Z8: 47.724823
A9: Rural | B9: 583798.73 | C9: 267268.73 | D9: 76992.291 | E9: 37018.242 | F9: 39974.049 | H9: 60078.659 | I9: 29229.937 | J9: 30848.723 | L9: 14310.553 | M9: 7724.7642 | N9: 6585.7884 | P9: 737.62843 | Q9: 531.08102 | R9: 206.54741 | T9: 114815.52 | U9: 54275.735 | V9: 60539.789 | X9: 334.07376 | Y9: 159.08274 | Z9: 174.99102
A10: Municipios / Comunas
A11: Ombadja | B11: 108857.15 | C11: 68866.776 | D11: 18620.52 | E11: 8280.7462 | F11: 10339.774 | H11: 16944.208 | I11: 7763.3831 | J11: 9180.8249 | L11: 10953.313 | M11: 5363.2427 | N11: 5590.0699 | P11: 1186.5958 | Q11: 720.89158 | R11: 465.70423 | T11: 21132.596 | U11: 9374.1935 | V11: 11758.403 | X11: 29.543938 | Y11: 11.363053 | Z11: 18.180885
A12: Xangongo | B12: 65433.287 | C12: 42723.828 | D12: 10711.112 | E12: 4731.5316 | F12: 5979.5807 | H12: 11076.564 | I12: 5198.4979 | J12: 5878.0659 | L12: 8723.1852 | M12: 4380.3339 | N12: 4342.8513 | P12: 1124.8738 | Q12: 693.3468 | R12: 431.52703 | T12: 11076.73 | U12: 4938.9066 | V12: 6137.8235 | X12: 11.363053 | Y12: 6.8178319 | Z12: 4.5452213
A13: Ombala yo Mungu | B13: 43423.862 | C13: 26142.948 | D13: 7909.4078 | E13: 3549.2146 | F13: 4360.1932 | H13: 5867.6442 | I13: 2564.8852 | J13: 3302.759 | L13: 2230.1274 | M13: 982.90878 | N13: 1247.2186 | P13: 61.721974 | Q13: 27.544777 | R13: 34.177197 | T13: 10055.866 | U13: 4435.2869 | V13: 5620.5791 | X13: 18.180885 | Y13: 4.5452213 | Z13: 13.635664
A14: Cuanhama | B14: 238705.91 | C14: 186761.45 | D14: 41512.376 | E14: 18750.993 | F14: 22761.382 | H14: 51421.92 | I14: 24402.884 | J14: 27019.036 | L14: 45865.334 | M14: 23210.095 | N14: 22655.239 | P14: 9447.1594 | Q14: 5112.02 | R14: 4335.1394 | T14: 38394.212 | U14: 17284.084 | V14: 21110.127 | X14: 120.44836 | Y14: 59.087877 | Z14: 61.360487
A15: Ondjiva | B15: 195239.71 | C15: 163396.77 | D15: 35099.936 | E15: 15663.116 | F15: 19436.821 | H15: 46629.998 | I15: 22117.672 | J15: 24512.326 | L15: 44804.403 | M15: 22622.544 | N15: 22181.858 | P15: 9385.6148 | Q15: 5064.1552 | R15: 4321.4597 | T15: 27381.37 | U15: 11883.782 | V15: 15497.587 | X15: 95.449647 | Y15: 45.452213 | Z15: 49.997434
A16: Môngua | B16: 43466.202 | C16: 23364.677 | D16: 6412.4392 | E16: 3087.8776 | F16: 3324.5615 | H16: 4791.9214 | I16: 2285.2112 | J16: 2506.7102 | L16: 1060.9314 | M16: 587.5513 | N16: 473.38013 | P16: 61.544543 | Q16: 47.864861 | R16: 13.679682 | T16: 11012.842 | U16: 5400.3021 | V16: 5612.54 | X16: 24.998717 | Y16: 13.635664 | Z16: 11.363053
A17: Curoca | B17: 15100.193 | C17: 4941.7271 | D17: 650.59371 | E17: 294.13407 | F17: 356.45964 | H17: 1863.5282 | I17: 1002.0899 | J17: 861.43825 | L17: 1663.8113 | M17: 990.2802 | N17: 673.53107 | P17: 274.49104 | Q17: 179.43175 | R17: 95.059289 | T17: 482.48508 | U17: 281.88708 | V17: 200.59801 | X17: 6.8178319 | Y17: 0 | Z17: 6.8178319
A18: Curoca | B18: 15100.193 | C18: 4941.7271 | D18: 650.59371 | E18: 294.13407 | F18: 356.45964 | H18: 1863.5282 | I18: 1002.0899 | J18: 861.43825 | L18: 1663.8113 | M18: 990.2802 | N18: 673.53107 | P18: 274.49104 | Q18: 179.43175 | R18: 95.059289 | T18: 482.48508 | U18: 281.88708 | V18: 200.59801 | X18: 6.8178319 | Y18: 0 | Z18: 6.8178319
A19: Chitado | B19: 15746.488 | C19: 3031.0758 | D19: 663.0534 | E19: 369.10625 | F19: 293.94715 | H19: 840.01477 | I19: 461.26923 | J19: 378.74554 | L19: 391.92174 | M19: 272.02024 | N19: 119.9015 | P19: 15.545003 | Q19: 15.545003 | R19: 0 | T19: 1115.9957 | U19: 566.56125 | V19: 549.43442 | X19: 4.5452213 | Y19: 4.5452213 | Z19: 0
A20: Chitado | B20: 15746.488 | C20: 3031.0758 | D20: 663.0534 | E20: 369.10625 | F20: 293.94715 | H20: 840.01477 | I20: 461.26923 | J20: 378.74554 | L20: 391.92174 | M20: 272.02024 | N20: 119.9015 | P20: 15.545003 | Q20: 15.545003 | R20: 0 | T20: 1115.9957 | U20: 566.56125 | V20: 549.43442 | X20: 4.5452213 | Y20: 4.5452213 | Z20: 0
A21: Cahama | B21: 53718.802 | C21: 23507.096 | D21: 5627.0903 | E21: 2906.6211 | F21: 2720.4692 | H21: 5419.8187 | I21: 2596.1942 | J21: 2823.6245 | L21: 3500.1723 | M21: 1819.2216 | N21: 1680.9508 | P21: 537.04848 | Q21: 343.45056 | R21: 193.59792 | T21: 8409.3305 | U21: 4229.3244 | V21: 4180.0061 | X21: 13.635664 | Y21: 6.8178319 | Z21: 6.8178319
A22: Cahama | B22: 32352.193 | C22: 18470.839 | D22: 4489.7555 | E22: 2267.3728 | F22: 2222.3827 | H22: 4363.4905 | I22: 2048.8794 | J22: 2314.611 | L22: 3287.0164 | M22: 1673.1699 | N22: 1613.8465 | P22: 527.31774 | Q22: 333.71982 | R22: 193.59792 | T22: 5791.8955 | U22: 2845.5289 | V22: 2946.3666 | X22: 11.363053 | Y22: 4.5452213 | Z22: 6.8178319
... A43: Naulila | B43: 37248.306 | C43: 18187.497 | D43: 5510.4245 | E43: 2409.8358 | F43: 3100.5887 | H43: 3895.9959 | I43: 1987.8977 | J43: 1908.0981 | L43: 1310.1031 | M43: 739.27421 | N43: 570.82887 | P43: 80.434223 | Q43: 62.874956 | R43: 17.559267 | T43: 7370.0856 | U43: 3260.3621 | V43: 4109.7235 | X43: 20.453496 | Y43: 6.8178319 | Z43: 13.635664

Sheet Q8.15
A1: Quadro 8.15-Taxa líquida de frequência do ensino primário e secundário por área de residência, município e comuna, segundo o sexo
A2: ='Q8.14'!$A$2 -> Área de residência, município e comuna | B2: População com 6-11 anos | F2: Frequência líquida no ensino primário | J2: Taxa líquida de frequência no ensino primário | M2: Índice de paridade no género | O2: População com 12-18 anos | S2: Frequência líquida no ensino secundário | W2: Taxa líquida de frêquencia no ensino secundário | Z2: Índice de paridade no género
B3: Total | C3: Homens | D3: Mulheres | F3: Total | G3: Homens | H3: Mulheres | J3: Total | K3: Homens | L3: Mulheres | O3: Total | P3: Homens | Q3: Mulheres | S3: Total | T3: Homens | U3: Mulheres | W3: Total | X3: Homens | Y3: Mulheres
A4: Cunene | B4: 332150.02 | C4: 166625.09 | D4: 165524.93 | F4: 136812.22 | G4: 65646.186 | H4: 71166.031 | J4: 41.189887 | K4: 39.397539 | L4: 42.994147 | M4: =+L4/K4 -> 1.0912902 | O4: 329109.56 | P4: 163076.84 | Q4: 166032.72 | S4: 74821.635 | T4: 33236.416 | U4: 41585.218 | W4: 22.734567 | X4: 20.380832 | Y4: 25.046399 | Z4: 1.2289193
A6: Área de residência
A7: Urbana | B7: 79002.308 | C7: 37550.174 | D7: 41452.134 | F7: 60996.192 | G7: 28733.649 | H7: 32262.543 | J7: 77.208114 | K7: 76.520681 | L7: 77.830838 | M7: =+L7/K7 -> 1.0171216 | O7: 91513.258 | P7: 41871.965 | Q7: 49641.293 | S7: 49587.637 | T7: 22186.466 | U7: 27401.171 | W7: 54.186287 | X7: 52.986446 | Y7: 55.198342 | Z7: 1.0417446
A8: Rural | B8: 253147.71 | C8: 129074.92 | D8: 124072.8 | F8: 75816.025 | G8: 36912.537 | H8: 38903.488 | J8: 29.949323 | K8: 28.597761 | L8: 31.355373 | M8: =+L8/K8 -> 1.0964275 | O8: 237596.3 | P8: 121204.87 | Q8: 116391.43 | S8: 25233.998 | T8: 11049.95 | U8: 14184.048 | W8: 10.620535 | X8: 9.1167544 | Y8: 12.186505 | Z8: 1.3367153
A9: Municipios / Comuna
A10: Ombadja | B10: 46899.65 | C10: 23482.183 | D10: 23417.467 | F10: 23329.911 | G10: 11302.359 | H10: 12027.552 | J10: 49.744318 | K10: 48.131637 | L10: 51.361457 | M10: =+L10/K10 -> 1.0671039 | O10: 45172.068 | P10: 22547.626 | Q10: 22624.442 | S10: 11744.023 | T10: 5198.0871 | U10: 6545.9356 | W10: 25.998417 | X10: 23.053811 | Y10: 28.933025 | Z10: 1.2550214
A11: Xangongo | B11: 30874.968 | C11: 15208.125 | D11: 15666.843 | F11: 15510.765 | G11: 7388.9789 | H11: 8121.7859 | J11: 50.237347 | K11: 48.585732 | L11: 51.840603 | M11: =+L11/K11 -> 1.0669923 | O11: 29760.335 | P11: 14522.262 | Q11: 15238.073 | S11: 8753.0068 | T11: 3918.1732 | U11: 4834.8336 | W11: 29.411654 | X11: 26.98046 | Y11: 31.728643 | Z11: 1.175986
A12: Ombala yo Mungu | B12: 16024.681 | C12: 8274.0575 | D12: 7750.6239 | F12: 7819.1462 | G12: 3913.3799 | H12: 3905.7663 | J12: 48.794394 | K12: 47.296986 | L12: 50.392927 | M12: =+L12/K12 -> 1.0654575 | O12: 15411.733 | P12: 8025.3634 | Q12: 7386.3695 | S12: 2991.0158 | T12: 1279.9138 | U12: 1711.1019 | W12: 19.407394 | X12: 15.94836 | Y12: 23.165669 | Z12: 1.4525424
A13: Cuanhama | B13: 86773.869 | C13: 42740.732 | D13: 44033.137 | F13: 53376.903 | G13: 25492.168 | H13: 27884.735 | J13: 61.512646 | K13: 59.643732 | L13: 63.326705 | M13: =+L13/K13 -> 1.0617495 | O13: 94552.92 | P13: 44764.156 | Q13: 49788.764 | S13: 36295.19 | T13: 15915.808 | U13: 20379.382 | W13: 38.386112 | X13: 35.554804 | Y13: 40.931689 | Z13: 1.1512281
A14: Ondjiva | B14: 68564.09 | C14: 33355.092 | D14: 35208.998 | F14: 46654.112 | G14: 22088.898 | H14: 24565.214 | J14: 68.044528 | K14: 66.223465 | L14: 69.769705 | M14: =+L14/K14 -> 1.0535496 | O14: 76179.462 | P14: 35586.293 | Q14: 40593.169 | S14: 33986.88 | T14: 14926.39 | U14: 19060.49 | W14: 44.61423 | X14: 41.944211 | Y14: 46.954921 | Z14: 1.1194613
A15: Môngua | B15: 18209.779 | C15: 9385.6401 | D15: 8824.1386 | F15: 6722.7907 | G15: 3403.27 | H15: 3319.5207 | J15: 36.918574 | K15: 36.260393 | L15: 37.618637 | M15: =+L15/K15 -> 1.037458 | O15: 18373.458 | P15: 9177.8633 | Q15: 9195.595 | S15: 2308.3096 | T15: 989.41815 | U15: 1318.8915 | W15: 12.563283 | X15: 10.780485 | Y15: 14.342644 | Z15: 1.3304266
A16: Curoca | B16: 7288.099 | C16: 3740.1709 | D16: 3547.928 | F16: 1326.6662 | G16: 681.41537 | H16: 645.25086 | J16: 18.203186 | K16: 18.21883 | L16: 18.186695 | M16: =+L16/K16 -> 0.99823621 | O16: 6425.7405 | P16: 3245.7645 | Q16: 3179.976 | S16: 1174.1359 | T16: 603.16515 | U16: 570.97078 | W16: 18.272383 | X16: 18.583146 | Y16: 17.955191 | Z16: 0.9662084
A17: Curoca | B17: 7288.099 | C17: 3740.1709 | D17: 3547.928 | F17: 1326.6662 | G17: 681.41537 | H17: 645.25086 | J17: 18.203186 | K17: 18.21883 | L17: 18.186695 | M17: =+L17/K17 -> 0.99823621 | O17: 6425.7405 | P17: 3245.7645 | Q17: 3179.976 | S17: 1174.1359 | T17: 603.16515 | U17: 570.97078 | W17: 18.272383 | X17: 18.583146 | Y17: 17.955191 | Z17: 0.9662084
A18: Chitado | B18: 6336.4015 | C18: 3184.3796 | D18: 3152.0219 | F18: 643.34747 | G18: 293.12281 | H18: 350.22466 | J18: 10.153199 | K18: 9.2050209 | L18: 11.111111 | M18: =+L18/K18 -> 1.2070707 | O18: 6151.6516 | P18: 3226.5717 | Q18: 2925.0799 | S18: 335.1835 | T18: 169.24786 | U18: 165.93564 | W18: 5.448675 | X18: 5.2454393 | Y18: 5.6728584 | Z18: 1.0814839
A19: Chitado | B19: 6336.4015 | C19: 3184.3796 | D19: 3152.0219 | F19: 643.34747 | G19: 293.12281 | H19: 350.22466 | J19: 10.153199 | K19: 9.2050209 | L19: 11.111111 | M19: =+L19/K19 -> 1.2070707 | O19: 6151.6516 | P19: 3226.5717 | Q19: 2925.0799 | S19: 335.1835 | T19: 169.24786 | U19: 165.93564 | W19: 5.448675 | X19: 5.2454393 | Y19: 5.6728584 | Z19: 1.0814839
A20: Cahama | B20: 29557.819 | C20: 14915.002 | D20: 14642.817 | F20: 9417.9978 | G20: 4505.3357 | H20: 4912.6622 | J20: 31.862966 | K20: 30.206738 | L20: 33.549981 | M20: =+L20/K20 -> 1.1106787 | O20: 27447.946 | P20: 13791.756 | Q20: 13656.19 | S20: 4092.3849 | T20: 1922.7985 | U20: 2169.5864 | W20: 14.909622 | X20: 13.941651 | Y20: 15.887201 | Z20: 1.1395495
A21: Cahama | B21: 16464.366 | C21: 8333.0628 | D21: 8131.3029 | F21: 7063.4984 | G21: 3397.5599 | H21: 3665.9385 | J21: 42.901734 | K21: 40.772042 | L21: 45.08427 | M21: =+L21/K21 -> 1.1057643 | O21: 16553.727 | P21: 8106.1318 | Q21: 8447.5949 | S21: 3806.1951 | T21: 1777.1377 | U21: 2029.0574 | W21: 22.99298 | X21: 21.923376 | Y21: 24.01935 | Z21: 1.0956045
... A42: Naulila | B42: 15971.386 | C42: 8154.1437 | D42: 7817.2428 | F42: 5377.0905 | G42: 2628.5883 | H42: 2748.5022 | J42: 33.667024 | K42: 32.236228 | L42: 35.159484 | M42: =+L42/K42 -> 1.0906823 | O42: 14660.99 | P42: 7157.5198 | Q42: 7503.4703 | S42: 2224.9573 | T42: 982.13126 | U42: 1242.826 | W42: 15.176037 | X42: 13.72167 | Y42: 16.56335 | Z42: 1.2070943

Sheet 9. Agregado Familiar

Sheet Q9.1
A2: Quadro 9.1 - Agregados familiares por área de residência, município e comuna, segundo o principal tipo de iluminação, 2024
A3: ='Q8.15'!$A$2 -> Área de residência, município e comuna | B3: Total de agregados familiares | C3: Principal tipo de Iluminação
C4: Electricida da rede pública | D4: Gerador | E4: Painel solar | F4: Eólica (vento) | G4: Lanterna | H4: Candeeiro (gás, petróleo, pilhs etc.) | I4: Vela | J4: Lenha | K4: Nenhum | L4: Outra fonte
A5: Cunene | B5: 261282.85 | C5: 49652.736 | D5: 4415.0536 | E5: 4093.0457 | F5: 3288.0259 | G5: 115142.94 | H5: 3515.4994 | I5: 4386.9887 | J5: 68005.711 | K5: 8319.0305 | L5: 463.80958
A7: Área de residência
A8: Urbana | B8: 74088.411 | C8: 46180.073 | D8: 1590.8373 | E8: 960.11538 | F8: 838.99313 | G8: 19426.827 | H8: 893.64585 | I8: 1347.1157 | J8: 1296.8943 | K8: 1518.4594 | L8: 35.450414
A9: Rural | B9: 187194.43 | C9: 3472.6635 | D9: 2824.2163 | E9: 3132.9303 | F9: 2449.0328 | G9: 95716.118 | H9: 2621.8535 | I9: 3039.873 | J9: 66708.817 | K9: 6800.5711 | L9: 428.35917
A10: Município/comuna
A11: Ombadja | B11: 34100.344 | C11: 4748.8784 | D11: 555.38982 | E11: 496.3058 | F11: 319.05373 | G11: 18833.032 | H11: 310.19112 | I11: 403.24846 | J11: 7307.2166 | K11: 968.97798 | L11: 158.04976
A12: Xangongo | B12: 22028.001 | C12: 4638.0958 | D12: 410.63396 | E12: 277.69491 | F12: 208.27118 | G12: 11316.068 | H12: 233.38189 | I12: 296.89722 | J12: 4200.8741 | K12: 435.74467 | L12: 10.339704
A13: Ombala yo Mungu | B13: 12072.343 | C13: 110.78254 | D13: 144.75586 | E13: 218.61089 | F13: 110.78254 | G13: 7516.9649 | H13: 76.80923 | I13: 106.35124 | J13: 3106.3425 | K13: 533.23331 | L13: 147.71006
A14: Cuanhama | B14: 72729.479 | C14: 30999.91 | D14: 1110.7796 | E14: 1273.2607 | F14: 1017.7223 | G14: 22970.391 | H14: 1022.1536 | I14: 1420.9708 | J14: 10769.54 | K14: 2078.2805 | L14: 66.469526
A15: Ondjiva | B15: 61466.587 | C15: 30812.318 | D15: 921.71076 | E15: 1076.8063 | F15: 813.88242 | G15: 17425.356 | H15: 892.16875 | I15: 1237.8103 | J15: 6562.7579 | K15: 1663.2153 | L15: 60.561124
A16: Môngua | B16: 11262.892 | C16: 187.59177 | D16: 189.06887 | E16: 196.45438 | F16: 203.83988 | G16: 5545.0356 | H16: 129.98485 | I16: 183.16047 | J16: 4206.7825 | K16: 415.06526 | L16: 5.9084023
A17: Curoca | B17: 6311.6508 | C17: 1124.0735 | D17: 293.94302 | E17: 31.019112 | F17: 50.22142 | G17: 658.78686 | H17: 50.22142 | I17: 53.175621 | J17: 3649.9155 | K17: 400.29426 | L17: 0
A18: Curoca | B18: 6311.6508 | C18: 1124.0735 | D18: 293.94302 | E18: 31.019112 | F18: 50.22142 | G18: 658.78686 | H18: 50.22142 | I18: 53.175621 | J18: 3649.9155 | K18: 400.29426 | L18: 0
A19: Chitado | B19: 5462.318 | C19: 246.6758 | D19: 63.515325 | E19: 44.313018 | F19: 44.313018 | G19: 2886.2545 | H19: 57.606923 | I19: 53.175621 | J19: 1768.0894 | K19: 296.89722 | L19: 1.4771006
A20: Chitado | B20: 5462.318 | C20: 246.6758 | D20: 63.515325 | E20: 44.313018 | F20: 44.313018 | G20: 2886.2545 | H20: 57.606923 | I20: 53.175621 | J20: 1768.0894 | K20: 296.89722 | L20: 1.4771006
A21: Cahama | B21: 21072.317 | C21: 1815.3566 | D21: 355.98124 | E21: 192.02308 | F21: 197.93148 | G21: 10539.113 | H21: 230.42769 | I21: 206.79408 | J21: 6805.0024 | K21: 694.23727 | L21: 35.450414
A22: Cahama | B22: 12692.725 | C22: 1694.2344 | D22: 273.26361 | E22: 113.73674 | F22: 121.12225 | G22: 5949.7612 | H22: 171.34367 | I22: 138.84745 | J22: 3782.8546 | K22: 412.11106 | L22: 35.450414
... A43: Naulila | B43: 11872.934 | C43: 1280.6462 | D43: 171.34367 | E43: 196.45438 | F43: 146.23296 | G43: 6602.6396 | H43: 146.23296 | I43: 208.27118 | J43: 2791.7201 | K43: 252.5842 | L43: 76.80923

Sheet Q9.2
A1: Quadro 9.2 - Agregados familiares por área de residência, município e comuna, segundo a principal fonte de energia/combustível utilizado para cozinhar
A2: ='Q9.1'!$A$3 -> Área de residência, município e comuna | B2: Total de agregados familiares | C2: Principal fonte de energia/combustível utilizado para cozinhar
C3: Não cozinha | D3: Electricidade | E3: Gás | F3: Petróleo | G3: Carvão | H3: Lenha | I3: Carvão/papelão | J3: Outro
A4: Cunene | B4: 261282.85 | C4: 5169.852 | D4: 5728.1961 | E4: 51592.169 | F4: 4326.4276 | G4: 16482.965 | H4: 177387.96 | I4: 257.0155 | J4: 338.25603
A6: Área de residência
A7: Urbana | B7: 74088.411 | C7: 1791.723 | D7: 2490.3916 | E7: 45900.901 | F7: 1239.2874 | G7: 12321.973 | H7: 10033.944 | I7: 118.16805 | J7: 192.02308
A8: Rural | B8: 187194.43 | C8: 3378.129 | D8: 3237.8045 | E8: 5691.2686 | F8: 3087.1402 | G8: 4160.9923 | H8: 167354.02 | I8: 138.84745 | J8: 146.23296
A9: Municipio
A10: Ombadja | B10: 34100.344 | C10: 503.6913 | D10: 481.53479 | E10: 6256.9981 | F10: 423.92787 | G10: 1648.4443 | H10: 24639.515 | I10: 44.313018 | J10: 101.91994
A11: Xangongo | B11: 22028.001 | C11: 353.02704 | D11: 330.87053 | E11: 5991.12 | F11: 314.62242 | G11: 1525.8449 | H11: 13392.871 | I11: 28.064911 | J11: 91.580236
A12: Ombala yo Mungu | B12: 12072.343 | C12: 150.66426 | D12: 150.66426 | E12: 265.87811 | F12: 109.30544 | G12: 122.59935 | H12: 11246.644 | I12: 16.248106 | J12: 10.339704
A13: Cuanhama | B13: 72729.479 | C13: 1818.3108 | D13: 2271.7807 | E13: 31159.437 | F13: 1386.9974 | G13: 7852.2667 | H13: 28001.396 | I13: 57.606923 | J13: 181.68337
A14: Ondjiva | B14: 61466.587 | C14: 1604.1312 | D14: 2028.0591 | E14: 30917.192 | F14: 1187.5889 | G14: 7636.61 | H14: 17871.44 | I14: 51.69852 | J14: 169.86657
A15: Môngua | B15: 11262.892 | C15: 214.17958 | D15: 243.7216 | E15: 242.2445 | F15: 199.40858 | G15: 215.65669 | H15: 10129.956 | I15: 5.9084023 | J15: 11.816805
A16: Curoca | B16: 6311.6508 | C16: 53.175621 | D16: 96.011538 | E16: 1032.4933 | F16: 38.404615 | G16: 159.52686 | H16: 4927.6075 | I16: 2.9542012 | J16: 1.4771006
A17: Curoca | B17: 6311.6508 | C17: 53.175621 | D17: 96.011538 | E17: 1032.4933 | F17: 38.404615 | G17: 159.52686 | H17: 4927.6075 | I17: 2.9542012 | J17: 1.4771006
A18: Chitado | B18: 5462.318 | C18: 73.855029 | D18: 161.00396 | E18: 153.61846 | F18: 63.515325 | G18: 73.855029 | H18: 4930.5618 | I18: 5.9084023 | J18: 0
A19: Chitado | B19: 5462.318 | C19: 73.855029 | D19: 161.00396 | E19: 153.61846 | F19: 63.515325 | G19: 73.855029 | H19: 4930.5618 | I19: 5.9084023 | J19: 0
A20: Cahama | B20: 21072.317 | C20: 289.51171 | D20: 261.4468 | E20: 2301.3227 | F20: 225.99639 | G20: 692.76017 | H20: 17295.371 | I20: 4.4313018 | J20: 1.4771006
A21: Cahama | B21: 12692.725 | C21: 172.82077 | D21: 171.34367 | E21: 2131.4561 | F21: 147.71006 | G21: 584.93183 | H21: 9482.9858 | I21: 0 | J21: 1.4771006
... A42: Naulila | B42: 11872.934 | C42: 248.1529 | D42: 214.17958 | E42: 983.74899 | F42: 166.91237 | G42: 480.05769 | H42: 9771.0204 | I42: 5.9084023 | J42: 2.9542012

Sheet Q9.3
A2: Quadro 9.3 - Agregados familiares por área de residência, município e comuna, segundo o tipo de sanitário (casa de banho, retrete) que o agregado familiar utiliza normalmente dentro ou fora de casa
A3: ='Q9.2'!$A$2 -> Área de residência, município e comuna | B3: Total de agregados familiares | C3: Tipo de sanitario
C4: Dentro de Casa | J4: Fora de Casa
C5: Sanita ligada à rede púlica de esgotos | D5: Sanita ligada à fossa séptica | E5: Sanita ligada à fossa aberta( vala ou rio) | F5: Retrete/ Latrina ligada a rede pública de esgotos | G5: Retrete/ Latrina ligada a fossa séptica | H5: Retrete/ Latrina ligada a fossa aberta ( vala ou rio) | I5: Total de AF com sanitário dentro de casa | J5: Sanita ligada à rede púlica de esgotos | K5: Sanita ligada à fossa séptica | L5: Sanita ligada à fossa aberta( vala ou rio) | M5: Retrete/ Latrina ligada a rede pública de esgotos | N5: Retrete/ Latrina ligada a fossa séptica | O5: Retrete/ Latrina ligada a fossa aberta ( vala ou rio) | P5: Nenhum sanitário / espaço livre / Ar livre | Q5: Total de AF com sanitário dentro de casa
A6: Cunene | B6: 261282.85 | C6: 7342.667 | D6: 33444.511 | E6: 5589.3486 | F6: 4683.886 | G6: 6268.8149 | H6: 465.28668 | I6: =+C6+D6+E6+F6+G6+H6 -> 57794.515 | J6: 546.52722 | K6: 9143.2526 | L6: 688.32887 | M6: 81.240532 | N6: 2407.674 | O6: 932.05047 | P6: 189689.26 | Q6: =+J6+K6+L6+M6+N6+O6 -> 13799.074
A8: Área de residência | I8: =+C8+D8+E8+F8+G8 -> 0
A9: Urbana | B9: 74088.411 | C9: 3223.0335 | D9: 29022.072 | E9: 1595.2686 | F9: 1366.318 | G9: 2957.1554 | H9: 100.44284 | I9: =+C9+D9+E9+F9+G9 -> 38163.848 | J9: 262.9239 | K9: 8645.4697 | L9: 330.87053 | M9: 38.404615 | N9: 2180.2005 | O9: 375.18355 | P9: 23991.068 | Q9: =+J9+K9+L9+M9+N9+O9 -> 11833.053
A10: Rural | B10: 187194.43 | C10: 4119.6335 | D10: 4422.4391 | E10: 3994.08 | F10: 3317.5679 | G10: 3311.6595 | H10: 364.84384 | I10: =+C10+D10+E10+F10+G10 -> 19165.38 | J10: 283.60331 | K10: 497.7829 | L10: 357.45834 | M10: 42.835917 | N10: 227.47349 | O10: 556.86692 | P10: 165698.19 | Q10: =+J10+K10+L10+M10+N10+O10 -> 1966.0209
A11: MunicÍpios / Comunas | I11: =+C11+D11+E11+F11+G11 -> 0 | Q11: =+J11+K11+L11+M11+N11+O11 -> 0
A12: Ombadja | B12: 34100.344 | C12: 1069.4208 | D12: 3815.3508 | E12: 548.00432 | F12: 511.0768 | G12: 601.17994 | H12: 20.679408 | I12: =+C12+D12+E12+F12+G12 -> 6545.0327 | J12: 180.20627 | K12: 1208.2683 | L12: 48.744319 | M12: 17.725207 | N12: 332.34763 | O12: 137.37035 | P12: 25609.97 | Q12: =+J12+K12+L12+M12+N12+O12 -> 1924.6621
A13: Xangongo | B13: 22028.001 | C13: 918.75656 | D13: 3648.4384 | E13: 332.34763 | F13: 378.13775 | G13: 469.71799 | H13: 13.293905 | I13: =+C13+D13+E13+F13+G13 -> 5747.3984 | J13: 100.44284 | K13: 1106.3483 | L13: 39.881716 | M13: 13.293905 | N13: 311.66822 | O13: 113.73674 | P13: 14581.937 | Q13: =+J13+K13+L13+M13+N13+O13 -> 1685.3718
A14: Ombala yo Mungu | B14: 12072.343 | C14: 150.66426 | D14: 166.91237 | E14: 215.65669 | F14: 132.93905 | G14: 131.46195 | H14: 7.3855029 | I14: =+C14+D14+E14+F14+G14 -> 797.63432 | J14: 79.763432 | K14: 101.91994 | L14: 8.8626035 | M14: 4.4313018 | N14: 20.679408 | O14: 23.633609 | P14: 11028.033 | Q14: =+J14+K14+L14+M14+N14+O14 -> 239.29029
A15: Cuanhama | B15: 72729.479 | C15: 2488.9145 | D15: 20576.011 | E15: 1661.7382 | F15: 1484.4861 | G15: 2447.5557 | H15: 221.56509 | I15: =+C15+D15+E15+F15+G15 -> 28658.706 | J15: 137.37035 | K15: 5567.1921 | L15: 259.9697 | M15: 17.725207 | N15: 1227.4706 | O15: 296.89722 | P15: 36342.583 | Q15: =+J15+K15+L15+M15+N15+O15 -> 7506.6252
A16: Ondjiva | B16: 61466.587 | C16: 2197.9257 | D16: 20324.904 | E16: 1446.0815 | F16: 1268.8294 | G16: 2223.0364 | H16: 217.13379 | I16: =+C16+D16+E16+F16+G16 -> 27460.777 | J16: 128.50775 | K16: 5550.944 | L16: 258.4926 | M16: 17.725207 | N16: 1211.2225 | O16: 280.64911 | P16: 26341.135 | Q16: =+J16+K16+L16+M16+N16+O16 -> 7447.5411
A17: Môngua | B17: 11262.892 | C17: 290.98882 | D17: 251.1071 | E17: 215.65669 | F17: 215.65669 | G17: 224.51929 | H17: 4.4313018 | I17: =+C17+D17+E17+F17+G17 -> 1197.9286 | J17: 8.8626035 | K17: 16.248106 | L17: 1.4771006 | M17: 0 | N17: 16.248106 | O17: 16.248106 | P17: 10001.448 | Q17: =+J17+K17+L17+M17+N17+O17 -> 59.084023
A18: Curoca | B18: 6311.6508 | C18: 60.561124 | D18: 799.11142 | E18: 212.70248 | F18: 62.038225 | G18: 50.22142 | H18: 2.9542012 | I18: =+C18+D18+E18+F18+G18 -> 1184.6347 | J18: 2.9542012 | K18: 64.992426 | L18: 0 | M18: 2.9542012 | N18: 171.34367 | O18: 1.4771006 | P18: 4880.3403 | Q18: =+J18+K18+L18+M18+N18+O18 -> 243.7216
A19: Curoca | B19: 6311.6508 | C19: 60.561124 | D19: 799.11142 | E19: 212.70248 | F19: 62.038225 | G19: 50.22142 | H19: 2.9542012 | I19: =+C19+D19+E19+F19+G19 -> 1184.6347 | J19: 2.9542012 | K19: 64.992426 | L19: 0 | M19: 2.9542012 | N19: 171.34367 | O19: 1.4771006 | P19: 4880.3403 | Q19: =+J19+K19+L19+M19+N19+O19 -> 243.7216
A20: Chitado | B20: 5462.318 | C20: 81.240532 | D20: 147.71006 | E20: 51.69852 | F20: 72.377929 | G20: 56.129822 | H20: 1.4771006 | I20: =+C20+D20+E20+F20+G20 -> 409.15686 | J20: 5.9084023 | K20: 4.4313018 | L20: 8.8626035 | M20: 1.4771006 | N20: 11.816805 | O20: 35.450414 | P20: 4983.7374 | Q20: =+J20+K20+L20+M20+N20+O20 -> 67.946627
A21: Chitado | B21: 5462.318 | C21: 81.240532 | D21: 147.71006 | E21: 51.69852 | F21: 72.377929 | G21: 56.129822 | H21: 1.4771006 | I21: =+C21+D21+E21+F21+G21 -> 409.15686 | J21: 5.9084023 | K21: 4.4313018 | L21: 8.8626035 | M21: 1.4771006 | N21: 11.816805 | O21: 35.450414 | P21: 4983.7374 | Q21: =+J21+K21+L21+M21+N21+O21 -> 67.946627
A22: Cahama | B22: 21072.317 | C22: 361.88964 | D22: 1332.3447 | E22: 245.1987 | F22: 220.08799 | G22: 348.59574 | H22: 62.038225 | I22: =+C22+D22+E22+F22+G22 -> 2508.1168 | J22: 31.019112 | K22: 437.22177 | L22: 14.771006 | M22: 2.9542012 | N22: 78.286331 | O22: 8.8626035 | P22: 17929.047 | Q22: =+J22+K22+L22+M22+N22+O22 -> 573.11503
A23: Cahama | B23: 12692.725 | C23: 252.5842 | D23: 1206.7912 | E23: 149.18716 | F23: 144.75586 | G23: 249.63 | H23: 62.038225 | I23: =+C23+D23+E23+F23+G23 -> 2002.9484 | J23: 23.633609 | K23: 428.35917 | L23: 11.816805 | M23: 2.9542012 | N23: 67.946627 | O23: 8.8626035 | P23: 10084.166 | Q23: =+J23+K23+L23+M23+N23+O23 -> 543.57302
... A44: Naulila | B44: 11872.934 | C44: 607.08834 | D44: 580.50053 | E44: 366.32094 | F44: 203.83988 | G44: 214.17958 | H44: 19.202308 | I44: =+C44+D44+E44+F44+G44 -> 1971.9293 | J44: 32.496213 | K44: 180.20627 | L44: 41.358816 | M44: 19.202308 | N44: 59.084023 | O44: 132.93905 | P44: 9416.5162 | Q44: =+J44+K44+L44+M44+N44+O44 -> 465.28668

Sheet Q9.5.1
A1: Quadro 9.4 -Agregados familiares por área de residência, município e comuna, segundo o modo de tratamento habitual que se da a água para beber, 2024
A2: ='Q9.2'!$A$2 -> Área de residência, município e comuna | B2: Total de agregados familiares | C2: Principal modo de tratamento habitual que se da a água para beber
C3: Ferve | D3: Desinfeta com lixívia (outro desinfetante) | E3: Filtra com pano | F3: Filtra com filtro de água | G3: Filtra e ferve | H3: Aquece ao sol | I3: Nenhum tratamento | J3: Deixa reposar | K3: Outro modo
A4: Cunene | B4: 261282.85 | C4: 11121.09 | D4: 17078.237 | E4: 4113.7251 | F4: 3568.675 | G4: 3580.4918 | H4: 4623.3248 | I4: 194934.44 | J4: 21531.695 | K4: 731.16479
A6: Área de residência
A7: Urbana | B7: 74088.411 | C7: 4986.6916 | D7: 12821.233 | E7: 901.03136 | F7: 1246.6729 | G7: 974.88639 | H7: 898.07716 | I7: 48700.006 | J7: 3280.6404 | K7: 279.17201
A8: Rural | B8: 187194.43 | C8: 6134.3987 | D8: 4257.0039 | E8: 3212.6938 | F8: 2322.0021 | G8: 2605.6054 | H8: 3725.2477 | I8: 146234.43 | J8: 18251.055 | K8: 451.99278
A9: Municípios / Comunas
A10: Ombadja | B10: 34100.344 | C10: 1307.234 | D10: 2669.1208 | E10: 341.21023 | F10: 524.37071 | G10: 435.74467 | H10: 462.33248 | I10: 26073.78 | J10: 2237.8074 | K10: 48.744319
A11: Xangongo | B11: 22028.001 | C11: 838.99313 | D11: 2324.9563 | E11: 234.85899 | F11: 388.47745 | G11: 329.39343 | H11: 314.62242 | I11: 15945.301 | J11: 1611.5167 | K11: 39.881716
A12: Ombala yo Mungu | B12: 12072.343 | C12: 468.24089 | D12: 344.16444 | E12: 106.35124 | F12: 135.89325 | G12: 106.35124 | H12: 147.71006 | I12: 10128.479 | J12: 626.29065 | K12: 8.8626035
A13: Cuanhama | B13: 72729.479 | C13: 4298.3627 | D13: 7867.0377 | E13: 1197.9286 | F13: 1109.3025 | G13: 1091.5773 | H13: 1353.0241 | I13: 49559.679 | J13: 5847.8412 | K13: 404.72556
A14: Ondjiva | B14: 61466.587 | C14: 4087.1373 | D14: 7689.7856 | E14: 1001.4742 | F14: 994.08869 | G14: 954.20698 | H14: 1053.1727 | I14: 41394.267 | J14: 4032.4846 | K14: 259.9697
A15: Môngua | B15: 11262.892 | C15: 211.22538 | D15: 177.25207 | E15: 196.45438 | F15: 115.21385 | G15: 137.37035 | H15: 299.85142 | I15: 8165.412 | J15: 1815.3566 | K15: 144.75586
A16: Curoca | B16: 6311.6508 | C16: 103.39704 | D16: 720.82509 | E16: 32.496213 | F16: 33.973313 | G16: 45.790118 | H16: 38.404615 | I16: 5209.7338 | J16: 124.07645 | K16: 2.9542012
A17: Curoca | B17: 6311.6508 | C17: 103.39704 | D17: 720.82509 | E17: 32.496213 | F17: 33.973313 | G17: 45.790118 | H17: 38.404615 | I17: 5209.7338 | J17: 124.07645 | K17: 2.9542012
A18: Chitado | B18: 5462.318 | C18: 60.561124 | D18: 73.855029 | E18: 38.404615 | F18: 45.790118 | G18: 26.587811 | H18: 69.423727 | I18: 5069.4092 | J18: 72.377929 | K18: 5.9084023
A19: Chitado | B19: 5462.318 | C19: 60.561124 | D19: 73.855029 | E19: 38.404615 | F19: 45.790118 | G19: 26.587811 | H19: 69.423727 | I19: 5069.4092 | J19: 72.377929 | K19: 5.9084023
A20: Cahama | B20: 21072.317 | C20: 401.77136 | D20: 1218.608 | E20: 221.56509 | F20: 129.98485 | G20: 152.14136 | H20: 192.02308 | I20: 18093.005 | J20: 645.49296 | K20: 17.725207
A21: Cahama | B21: 12692.725 | C21: 329.39343 | D21: 1140.3217 | E21: 147.71006 | F21: 75.33213 | G21: 106.35124 | H21: 118.16805 | I21: 10326.41 | J21: 432.79047 | K21: 16.248106
... A42: Naulila | B42: 11872.934 | C42: 351.54994 | D42: 818.31372 | E42: 327.91633 | F42: 190.54598 | G42: 171.34367 | H42: 299.85142 | I42: 8463.7863 | J42: 1243.7187 | K42: 5.9084023

Sheet Q9.6.1
A1: Quadro 9.5 -Agregados familiares por área de residência, município e comuna, segundo a situação de partilha da casa de banho
A2: ='Q9.1'!$A$3 -> Área de residência, município e comuna | B2: Total de agregados familiares | C2: Agregados que partilham a casa de banho
C3: Sim | D3: Não
A4: Cunene | B4: 261282.85 | C4: 66019.011 | D4: 195263.83
A6: Área de residência
A7: Urbana | B7: 74088.411 | C7: 30497.696 | D7: 43590.715
A8: Rural | B8: 187194.43 | C8: 35521.315 | D8: 151673.12
A9: Municípios / Comunas
A10: Ombadja | B10: 34100.344 | C10: 9564.2263 | D10: 24536.118
A11: Xangongo | B11: 22028.001 | C11: 6590.8228 | D11: 15437.178
A12: Ombala yo Mungu | B12: 12072.343 | C12: 2973.4035 | D12: 9098.9396
A13: Cuanhama | B13: 72729.479 | C13: 25674.962 | D13: 47054.516
A14: Ondjiva | B14: 61466.587 | C14: 23852.22 | D14: 37614.366
A15: Môngua | B15: 11262.892 | C15: 1822.7421 | D15: 9440.1498
A16: Curoca | B16: 6311.6508 | C16: 1323.4821 | D16: 4988.1687
A17: Curoca | B17: 6311.6508 | C17: 1323.4821 | D17: 4988.1687
A18: Chitado | B18: 5462.318 | C18: 787.29461 | D18: 4675.0233
A19: Chitado | B19: 5462.318 | C19: 787.29461 | D19: 4675.0233
A20: Cahama | B20: 21072.317 | C20: 2883.3003 | D20: 18189.017
A21: Cahama | B21: 12692.725 | C21: 1558.3411 | D21: 11134.384
... A42: Naulila | B42: 11872.934 | C42: 2806.4911 | D42: 9066.4434

Sheet Q9.6
A1: Quadro 9.6 -Agregados familiares por área de residência, município e comuna, segundo o acesso a água da rede pública, 2024
A2: ='Q9.6.1'!$A$2 -> Área de residência, município e comuna | B2: Total de Agregados familiares | C2: Acesso a Água da rede pública | H2: Total de agregados familiares com acesso a água da rede pública
C3: Sim, dentro da casa | E3: Sim, dentro do quintal da casa | G3: Não tem acesso
A4: Cunene | B4: 261282.85 | C4: 17477.054 | E4: 31382.479 | G4: 212423.31 | H4: =+C4+E4 -> 48859.533
A6: Area de residencia
A7: Urbana | B7: 74088.411 | C7: 7447.5411 | E7: 23596.682 | G7: 43044.188 | H7: =+C7+E7 -> 31044.223
A8: Rural | B8: 187194.43 | C8: 10029.513 | E8: 7785.7972 | G8: 169379.12 | H8: =+C8+E8 -> 17815.31
A9: Municipio | H9: =+C9+E9 -> 0
A10: Ombadja | B10: 34100.344 | C10: 2010.3339 | E10: 4955.6725 | G10: 27134.338 | H10: =+C10+E10 -> 6966.0064
A11: Xangongo | B11: 22028.001 | C11: 1389.9516 | E11: 4614.4622 | G11: 16023.587 | H11: =+C11+E11 -> 6004.4139
A12: Ombala yo Mungu | B12: 12072.343 | C12: 620.38225 | E12: 341.21023 | G12: 11110.751 | H12: =+C12+E12 -> 961.59248
A13: Cuanhama | B13: 72729.479 | C13: 6778.4146 | E13: 18468.189 | G13: 47482.875 | H13: =+C13+E13 -> 25246.603
A14: Ondjiva | B14: 61466.587 | C14: 6135.8758 | E14: 17989.608 | G14: 37341.103 | H14: =+C14+E14 -> 24125.484
A15: Môngua | B15: 11262.892 | C15: 642.53875 | E15: 478.58059 | G15: 10141.773 | H15: =+C15+E15 -> 1121.1193
A16: Curoca | B16: 6311.6508 | C16: 323.48503 | E16: 152.14136 | G16: 5836.0244 | H16: =+C16+E16 -> 475.62639
A17: Curoca | B17: 6311.6508 | C17: 323.48503 | E17: 152.14136 | G17: 5836.0244 | H17: =+C17+E17 -> 475.62639
A18: Chitado | B18: 5462.318 | C18: 248.1529 | E18: 197.93148 | G18: 5016.2336 | H18: =+C18+E18 -> 446.08438
A19: Chitado | B19: 5462.318 | C19: 248.1529 | E19: 197.93148 | G19: 5016.2336 | H19: =+C19+E19 -> 446.08438
A20: Cahama | B20: 21072.317 | C20: 809.45112 | E20: 1165.4324 | G20: 19097.433 | H20: =+C20+E20 -> 1974.8835
A21: Cahama | B21: 12692.725 | C21: 564.25242 | E21: 999.9971 | G21: 11128.476 | H21: =+C21+E21 -> 1564.2495
... A42: Naulila | B42: 11872.934 | C42: 948.29858 | E42: 1042.833 | G42: 9881.8029 | H42: =+C42+E42 -> 1991.1316

Sheet Q9.7
A2: Quadro 9.7 - Agregados familiares por área de residência, município e comuna, segundo situação se a água utilizada para beber provém da mesma fonte, 2024
A3: ='Q9.6.1'!$A$2 -> Área de residência, município e comuna | B3: Total de agregados familiares | C3: Situação se a água utilizada para beber provém da mesma fonte
C4: Sim | D4: Não
A5: Cunene | B5: 261282.85 | C5: 221838.35 | D5: 39444.494
A6: Area de residencia
A7: Urbana | B7: 74088.411 | C7: 65541.907 | D7: 8546.504
A8: Rural | B8: 187194.43 | C8: 156296.44 | D8: 30897.99
A9: Municipio
A10: Ombadja | B10: 34100.344 | C10: 29906.856 | D10: 4193.4886
A11: Xangongo | B11: 22028.001 | C11: 19360.357 | D11: 2667.6437
A12: Ombala yo Mungu | B12: 12072.343 | C12: 10546.498 | D12: 1525.8449
A13: Cuanhama | B13: 72729.479 | C13: 63426.699 | D13: 9302.7795
A14: Ondjiva | B14: 61466.587 | C14: 54487.286 | D14: 6979.3003
A15: Môngua | B15: 11262.892 | C15: 8939.4127 | D15: 2323.4792
A16: Curoca | B16: 6311.6508 | C16: 5573.1005 | D16: 738.55029
A17: Curoca | B17: 6311.6508 | C17: 5573.1005 | D17: 738.55029
A18: Chitado | B18: 5462.318 | C18: 4648.4355 | D18: 813.88242
A19: Chitado | B19: 5462.318 | C19: 4648.4355 | D19: 813.88242
A20: Cahama | B20: 21072.317 | C20: 18697.139 | D20: 2375.1777
A21: Cahama | B21: 12692.725 | C21: 11416.51 | D21: 1276.2149
... A42: Naulila | B42: 11872.934 | C42: 9982.2457 | D42: 1890.6887

Sheet Q9.8
A1: Quadro 9.8 - Agregados familiares por área de residência, município e comuna, segundo a principal fonte utilizada para abastecimento de água, 2024
A2: ='Q9.6.1'!$A$2 -> Área de residência, município e comuna | B2: Total de agregados familiares | C2: Principal fonte utilizado para abastecimento de água
C3: Torneira do Agregado familiar ligada a rede pública | D3: Torneira do edifício vizinho ligada a rede pública | E3: Camião cisterna / mota de 3 rodas / cupapata | F3: Chafariz público | G3: Furo com bomba | H3: Cacimba / poço protegido | I3: Cacimba / poço desprotegido | J3: Nascente protegida | K3: Nascente desprotegida | L3: Água da chuva / chimpacas | M3: Charco / rio / Riacho/ Canal | N3: Outra fonte
A4: Cunene | B4: 261282.85 | C4: 36793.098 | D4: 29341.126 | E4: 7509.5794 | F4: 19088.571 | G4: 7252.5639 | H4: 24202.293 | I4: 55027.905 | J4: 550.95852 | K4: 2833.0789 | L4: 39927.506 | M4: 35194.876 | N4: 3561.2895
A6: Área de residência
A7: Urbana | B7: 74088.411 | C7: 27645.415 | D7: 20680.885 | E7: 5784.3259 | F7: 6174.2804 | G7: 322.00793 | H7: 6010.3223 | I7: 3602.6483 | J7: 70.900828 | K7: 76.80923 | L7: 1487.4403 | M7: 807.97402 | N7: 1425.4021
A8: Rural | B8: 187194.43 | C8: 9147.6839 | D8: 8660.2407 | E8: 1725.2535 | F8: 12914.29 | G8: 6930.5559 | H8: 18191.971 | I8: 51425.257 | J8: 480.05769 | K8: 2756.2697 | L8: 38440.066 | M8: 34386.902 | N8: 2135.8874
A9: Municipio
A10: Ombadja | B10: 34100.344 | C10: 5508.1081 | D10: 3732.6332 | E10: 618.90514 | F10: 877.39775 | G10: 64.992426 | H10: 2584.926 | I10: 3985.2174 | J10: 26.587811 | K10: 298.37432 | L10: 6861.1322 | M10: 9090.077 | N10: 451.99278
A11: Xangongo | B11: 22028.001 | C11: 5134.4016 | D11: 3376.6519 | E11: 508.1226 | F11: 847.85574 | G11: 35.450414 | H11: 1106.3483 | I11: 1818.3108 | J11: 5.9084023 | K11: 150.66426 | L11: 1469.7151 | M11: 7282.1059 | N11: 292.46592
A12: Ombala yo Mungu | B12: 12072.343 | C12: 373.70645 | D12: 355.98124 | E12: 110.78254 | F12: 29.542012 | G12: 29.542012 | H12: 1478.5777 | I12: 2166.9066 | J12: 20.679408 | K12: 147.71006 | L12: 5391.4171 | M12: 1807.9711 | N12: 159.52686
A13: Cuanhama | B13: 72729.479 | C13: 22017.661 | D13: 16417.973 | E13: 1199.4057 | F13: 3347.1099 | G13: 516.9852 | H13: 7255.5181 | I13: 10378.109 | J13: 181.68337 | K13: 903.98556 | L13: 8050.1982 | M13: 1375.1806 | N13: 1085.6689
A14: Ondjiva | B14: 61466.587 | C14: 21333.764 | D14: 15884.74 | E14: 1193.4973 | F14: 2314.6166 | G14: 412.11106 | H14: 5128.4932 | I14: 7008.8423 | J14: 121.12225 | K14: 391.43165 | L14: 6010.3223 | M14: 670.60367 | N14: 997.04289
A15: Môngua | B15: 11262.892 | C15: 683.89757 | D15: 533.23331 | E15: 5.9084023 | F15: 1032.4933 | G15: 104.87414 | H15: 2127.0248 | I15: 3369.2664 | J15: 60.561124 | K15: 512.5539 | L15: 2039.8759 | M15: 704.57698 | N15: 88.626035
A16: Curoca | B16: 6311.6508 | C16: 137.37035 | D16: 196.45438 | E16: 709.00828 | F16: 788.77171 | G16: 277.69491 | H16: 391.43165 | I16: 3469.7093 | J16: 4.4313018 | K16: 42.835917 | L16: 59.084023 | M16: 225.99639 | N16: 8.8626035
A17: Curoca | B17: 6311.6508 | C17: 137.37035 | D17: 196.45438 | E17: 709.00828 | F17: 788.77171 | G17: 277.69491 | H17: 391.43165 | I17: 3469.7093 | J17: 4.4313018 | K17: 42.835917 | L17: 59.084023 | M17: 225.99639 | N17: 8.8626035
A18: Chitado | B18: 5462.318 | C18: 289.51171 | D18: 243.7216 | E18: 1.4771006 | F18: 602.65704 | G18: 815.35952 | H18: 392.90876 | I18: 2457.8954 | J18: 47.267219 | K18: 134.41615 | L18: 50.22142 | M18: 397.34006 | N18: 29.542012
A19: Chitado | B19: 5462.318 | C19: 289.51171 | D19: 243.7216 | E19: 1.4771006 | F19: 602.65704 | G19: 815.35952 | H19: 392.90876 | I19: 2457.8954 | J19: 47.267219 | K19: 134.41615 | L19: 50.22142 | M19: 397.34006 | N19: 29.542012
A20: Cahama | B20: 21072.317 | C20: 1344.1615 | D20: 923.18787 | E20: 406.20266 | F20: 7223.0219 | G20: 1468.238 | H20: 1710.4825 | I20: 4986.6916 | J20: 13.293905 | K20: 79.763432 | L20: 1112.2567 | M20: 1624.8106 | N20: 180.20627
A21: Cahama | B21: 12692.725 | C21: 1110.7796 | D21: 691.28307 | E21: 339.73313 | F21: 4701.6112 | G21: 1094.5315 | H21: 528.80201 | I21: 1398.8143 | J21: 4.4313018 | K21: 11.816805 | L21: 1094.5315 | M21: 1561.2953 | N21: 155.09556
... A42: Naulila | B42: 11872.934 | C42: 1410.6311 | D42: 1032.4933 | E42: 41.358816 | F42: 97.488639 | G42: 100.44284 | H42: 165.43527 | I42: 391.43165 | J42: 5.9084023 | K42: 7.3855029 | L42: 3689.7973 | M42: 4704.5654 | N42: 225.99639

Sheet Q9.9
A1: Quadro 9.9 - Agregados familiares por área de residência, município e comuna, segundo a posse de parcela/lavra ou a prática da actividade agrícola, 2024
A2: ='Q9.6.1'!$A$2 -> Área de residência, município e comuna | B2: Total de agregados familiares | C2: Situação de posse de parcela/lavra ou prática de actividade agrícola
C3: Sim | D3: Não | E3: Não declarado
A4: Cunene | B4: 261282.85 | C4: 141238.88 | D4: 119961.25 | E4: 82.717633
A6: Área de residência
A7: Urbana | B7: 74088.411 | C7: 11460.823 | D7: 62599.523 | E7: 28.064911
A8: Rural | B8: 187194.43 | C8: 129778.06 | D8: 57361.724 | E8: 54.652722
A9: Municipio
A10: Ombadja | B10: 34100.344 | C10: 18951.2 | D10: 15143.235 | E10: 5.9084023
A11: Xangongo | B11: 22028.001 | C11: 10160.975 | D11: 11862.595 | E11: 4.4313018
A12: Ombala yo Mungu | B12: 12072.343 | C12: 8790.2256 | D12: 3280.6404 | E12: 1.4771006
A13: Cuanhama | B13: 72729.479 | C13: 25171.271 | D13: 47524.234 | E13: 33.973313
A14: Ondjiva | B14: 61466.587 | C14: 17550.909 | D14: 43887.613 | E14: 28.064911
A15: Môngua | B15: 11262.892 | C15: 7620.3619 | D15: 3636.6216 | E15: 5.9084023
A16: Curoca | B16: 6311.6508 | C16: 3539.133 | D16: 2769.5636 | E16: 2.9542012
A17: Curoca | B17: 6311.6508 | C17: 3539.133 | D17: 2769.5636 | E17: 2.9542012
A18: Chitado | B18: 5462.318 | C18: 2994.0829 | D18: 2468.2351 | E18: 0
A19: Chitado | B19: 5462.318 | C19: 2994.0829 | D19: 2468.2351 | E19: 0
A20: Cahama | B20: 21072.317 | C20: 15109.262 | D20: 5960.1009 | E20: 2.9542012
A21: Cahama | B21: 12692.725 | C21: 8429.813 | D21: 4261.4352 | E21: 1.4771006
... A42: Naulila | B42: 11872.934 | C42: 6432.773 | D42: 5438.6844 | E42: 1.4771006

Sheet Q9.10
A1: Quadro 9.10 - Agregados familiares por área de residência, município e comuna, segundo o regime de ocupação da lavra/exploração (parcela), 2024
A2: ='Q9.6'!$A$2 -> Área de residência, município e comuna | B2: Total de agregados familiares | C2: Total de agregados familiares que praticam actividade agrícola | D2: Regime de ocupação da lavra/parcela
D3: Cedida, autoridade tradicional | E3: Cedida, governo | F3: Cedida por Terceiros (familiares, amigos, compadre, vizinhos, igreja, etc.) | G3: Arrendada / Alugada | H3: Ocupada de facto | I3: Comprada | J3: Herdada | K3: Emprestada | L3: Outro regime
A4: Cunene | B4: 261282.85 | C4: 141238.88 | D4: 49035.308 | E4: 381.09195 | F4: 16406.156 | G4: 200.88568 | H4: 41441.534 | I4: 4333.8131 | J4: 15915.759 | K4: 881.82905 | L4: 12642.504
A6: Área de residência
A7: Urbana | B7: 74088.411 | C7: 11460.823 | D7: 1889.2116 | E7: 119.64515 | F7: 1825.6963 | G7: 94.534437 | H7: 1401.7685 | I7: 1339.7302 | J7: 1549.4785 | K7: 143.27876 | L7: 3097.4799
A8: Rural | B8: 187194.43 | C8: 129778.06 | D8: 47146.096 | E8: 261.4468 | F8: 14580.46 | G8: 106.35124 | H8: 40039.766 | I8: 2994.0829 | J8: 14366.28 | K8: 738.55029 | L8: 9545.024
A9: Município/comuna
A10: Ombadja | B10: 34100.344 | C10: 18951.2 | D10: 6534.693 | E10: 72.377929 | F10: 2627.7619 | G10: 13.293905 | H10: 5468.2264 | I10: 797.63432 | J10: 2150.6585 | K10: 168.38947 | L10: 1118.1651
A11: Xangongo | B11: 22028.001 | C11: 10160.975 | D11: 3234.8503 | E11: 56.129822 | F11: 1592.3144 | G11: 8.8626035 | H11: 2865.5751 | I11: 488.92029 | J11: 976.36349 | K11: 150.66426 | L11: 787.29461
A12: Ombala yo Mungu | B12: 12072.343 | C12: 8790.2256 | D12: 3299.8427 | E12: 16.248106 | F12: 1035.4475 | G12: 4.4313018 | H12: 2602.6512 | I12: 308.71402 | J12: 1174.295 | K12: 17.725207 | L12: 330.87053
A13: Cuanhama | B13: 72729.479 | C13: 25171.271 | D13: 7392.8884 | E13: 72.377929 | F13: 4060.5495 | G13: 75.33213 | H13: 4499.2484 | I13: 1669.1237 | J13: 3531.7475 | K13: 85.671834 | L13: 3784.3317
A14: Ondjiva | B14: 61466.587 | C14: 17550.909 | D14: 5075.3176 | E14: 70.900828 | F14: 2391.4258 | G14: 69.423727 | H14: 3057.5982 | I14: 1166.9095 | J14: 2571.6321 | K14: 66.469526 | L14: 3081.2318
A15: Môngua | B15: 11262.892 | C15: 7620.3619 | D15: 2317.5708 | E15: 1.4771006 | F15: 1669.1237 | G15: 5.9084023 | H15: 1441.6502 | I15: 502.2142 | J15: 960.11538 | K15: 19.202308 | L15: 703.09988
A16: Curoca | B16: 6311.6508 | C16: 3539.133 | D16: 428.35917 | E16: 14.771006 | F16: 112.25964 | G16: 10.339704 | H16: 2760.701 | I16: 16.248106 | J16: 62.038225 | K16: 25.11071 | L16: 109.30544
A17: Curoca | B17: 6311.6508 | C17: 3539.133 | D17: 428.35917 | E17: 14.771006 | F17: 112.25964 | G17: 10.339704 | H17: 2760.701 | I17: 16.248106 | J17: 62.038225 | K17: 25.11071 | L17: 109.30544
A18: Chitado | B18: 5462.318 | C18: 2994.0829 | D18: 1655.8298 | E18: 1.4771006 | F18: 233.38189 | G18: 0 | H18: 790.24881 | I18: 29.542012 | J18: 73.855029 | K18: 19.202308 | L18: 190.54598
A19: Chitado | B19: 5462.318 | C19: 2994.0829 | D19: 1655.8298 | E19: 1.4771006 | F19: 233.38189 | G19: 0 | H19: 790.24881 | I19: 29.542012 | J19: 73.855029 | K19: 19.202308 | L19: 190.54598
A20: Cahama | B20: 21072.317 | C20: 15109.262 | D20: 3571.6292 | E20: 23.633609 | F20: 1514.0281 | G20: 25.11071 | H20: 7576.0489 | I20: 327.91633 | J20: 1028.062 | K20: 217.13379 | L20: 825.69923
A21: Cahama | B21: 12692.725 | C21: 8429.813 | D21: 2468.2351 | E21: 22.156509 | F21: 955.68408 | G21: 13.293905 | H21: 3313.1366 | I21: 254.0613 | J21: 738.55029 | K21: 101.91994 | L21: 562.77532
... A42: Naulila | B42: 11872.934 | C42: 6432.773 | D42: 2794.6743 | E42: 11.816805 | F42: 929.09627 | G42: 17.725207 | H42: 905.46266 | I42: 376.66065 | J42: 707.53118 | K42: 69.423727 | L42: 620.38225

Sheet Q9.11
A1: Quadro 9.11 - Agregados familiares por área de residência, município e comuna, segundo a situação de criação de animais por algum membro nos últimos 12 meses, 2024
A2: ='Q9.6'!$A$2 -> Área de residência, município e comuna | B2: Total de Agregados familiares | C2: Situação de criação de animais por conta própria
C3: Sim | D3: Não
A4: Cunene | B4: 261282.85 | C4: 79600.95 | D4: 181681.89
A6: Área de residêNcia
A7: Urbana | B7: 74088.411 | C7: 5304.2682 | D7: 68784.143
A8: Rural | B8: 187194.43 | C8: 74296.682 | D8: 112897.75
A9: Município/comuna
A10: Ombadja | B10: 34100.344 | C10: 11976.332 | D10: 22124.013
A11: Xangongo | B11: 22028.001 | C11: 5478.5661 | D11: 16549.435
A12: Ombala yo Mungu | B12: 12072.343 | C12: 6497.7655 | D12: 5574.5776
A13: Cuanhama | B13: 72729.479 | C13: 15714.873 | D13: 57014.605
A14: Ondjiva | B14: 61466.587 | C14: 10017.696 | D14: 51448.89
A15: Môngua | B15: 11262.892 | C15: 5697.177 | D15: 5565.715
A16: Curoca | B16: 6311.6508 | C16: 1812.4024 | D16: 4499.2484
A17: Curoca | B17: 6311.6508 | C17: 1812.4024 | D17: 4499.2484
A18: Chitado | B18: 5462.318 | C18: 2073.8492 | D18: 3388.4687
A19: Chitado | B19: 5462.318 | C19: 2073.8492 | D19: 3388.4687
A20: Cahama | B20: 21072.317 | C20: 5363.3522 | D20: 15708.965
A21: Cahama | B21: 12692.725 | C21: 2732.6361 | D21: 9960.0892
... A42: Naulila | B42: 11872.934 | C42: 4211.2138 | D42: 7661.7207

Sheet Q9.12
A1: Quadro 9.12 - Agregados familiares criadores de animais por área de residência, município e comuna, segundo o tipo de animais criados nos últimos 12 meses
A2: ='Q9.6'!$A$2 -> Área de residência, município e comuna | B2: Total de agregados familiares | C2: Agregados familiares que praticaram actividade pecuária nos últimos 12 meses | D2: Tipo de animais
D3: Bois/Vacas | F3: Cabrito/cabra | H3: Porco/leitão | J3: Carneiro/ovelha | L3: Equino/cavalo
A4: Cunene | B4: 261282.85 | C4: 79600.95 | D4: 49883.164 | F4: 65909.705 | H4: 53286.404 | J4: 7196.434 | L4: 17589.314
A6: Área de residência
A7: Urbana | B7: 74088.411 | C7: 5304.2682 | D7: 3614.4651 | F7: 4375.1719 | H7: 2809.4453 | J7: 658.78686 | L7: 765.1381
A8: Rural | B8: 187194.43 | C8: 74296.682 | D8: 46268.699 | F8: 61534.533 | H8: 50476.958 | J8: 6537.6472 | L8: 16824.176
A9: Município/comuna
A10: Ombadja | B10: 34100.344 | C10: 11976.332 | D10: 6974.869 | F10: 10304.254 | H10: 9261.4207 | J10: 593.79443 | L10: 2233.3761
A11: Xangongo | B11: 22028.001 | C11: 5478.5661 | D11: 3546.5185 | F11: 4435.7331 | H11: 4285.0688 | J11: 450.51568 | L11: 552.43562
A12: Ombala yo Mungu | B12: 12072.343 | C12: 6497.7655 | D12: 3428.3505 | F12: 5868.5206 | H12: 4976.3519 | J12: 143.27876 | L12: 1680.9405
A13: Cuanhama | B13: 72729.479 | C13: 15714.873 | D13: 10412.082 | F13: 13983.711 | H13: 9914.2991 | J13: 509.5997 | L13: 2735.5903
A14: Ondjiva | B14: 61466.587 | C14: 10017.696 | D14: 6642.5213 | F14: 8788.7485 | H14: 5570.1463 | J14: 372.22935 | L14: 2140.3187
A15: Môngua | B15: 11262.892 | C15: 5697.177 | D15: 3769.5607 | F15: 5194.9628 | H15: 4344.1528 | J15: 137.37035 | L15: 595.27154
A16: Curoca | B16: 6311.6508 | C16: 1812.4024 | D16: 949.77568 | F16: 1701.6199 | H16: 403.24846 | J16: 886.26035 | L16: 707.53118
A17: Curoca | B17: 6311.6508 | C17: 1812.4024 | D17: 949.77568 | F17: 1701.6199 | H17: 403.24846 | J17: 886.26035 | L17: 707.53118
A18: Chitado | B18: 5462.318 | C18: 2073.8492 | D18: 1227.4706 | F18: 1874.4406 | H18: 1471.1922 | J18: 963.06958 | L18: 1085.6689
A19: Chitado | B19: 5462.318 | C19: 2073.8492 | D19: 1227.4706 | F19: 1874.4406 | H19: 1471.1922 | J19: 963.06958 | L19: 1085.6689
A20: Cahama | B20: 21072.317 | C20: 5363.3522 | D20: 2463.8038 | F20: 3936.4731 | H20: 4013.2823 | J20: 1286.5546 | L20: 1731.1619
A21: Cahama | B21: 12692.725 | C21: 2732.6361 | D21: 1159.524 | F21: 1918.7537 | H21: 1964.5438 | J21: 463.80958 | L21: 660.26396
... A42: Naulila | B42: 11872.934 | C42: 4211.2138 | D42: 2091.5744 | F42: 3760.6981 | H42: 3205.3083 | J42: 655.83266 | L42: 998.52

Sheet Q9.13
A1: Quadro 9.13 - Agregados familiares por área de residência, município e comuna, segundo o tipo de actividade piscatória praticada
A2: ='Q9.6'!$A$2 -> Área de residência, município e comuna | B2: Total de Agregados familiares | C2: Agregados familiares que praticaram actividade piscatória nos últimos 12 meses | D2: Tipo de actividade piscatória
D3: Pesca continental/Fluvial | E3: Pesca marítima artesanal/Aquicultura marítima | F3: Aquicultura
A4: Cunene | B4: 261282.85 | C4: 3268.8236 | D4: 2153.6127 | E4: 1163.9553 | F4: 1032.4933
A6: Área de residência
A7: Urbana | B7: 74088.411 | C7: 248.1529 | D7: 104.87414 | E7: 101.91994 | F7: 109.30544
A8: Rural | B8: 187194.43 | C8: 3020.6707 | D8: 2048.7385 | E8: 1062.0353 | F8: 923.18787
A9: Município/comuna
A10: Ombadja | B10: 34100.344 | C10: 581.97763 | D10: 254.0613 | E10: 240.7674 | F10: 194.97728
A11: Xangongo | B11: 22028.001 | C11: 384.04615 | D11: 168.38947 | E11: 131.46195 | F11: 162.48106
A12: Ombala yo Mungu | B12: 12072.343 | C12: 197.93148 | D12: 85.671834 | E12: 109.30544 | F12: 32.496213
A13: Cuanhama | B13: 72729.479 | C13: 466.76378 | D13: 353.02704 | E13: 62.038225 | F13: 88.626035
A14: Ondjiva | B14: 61466.587 | C14: 360.41254 | D14: 274.74071 | E14: 48.744319 | F14: 66.469526
A15: Môngua | B15: 11262.892 | C15: 106.35124 | D15: 78.286331 | E15: 13.293905 | F15: 22.156509
A16: Curoca | B16: 6311.6508 | C16: 20.679408 | D16: 14.771006 | E16: 2.9542012 | F16: 8.8626035
A17: Curoca | B17: 6311.6508 | C17: 20.679408 | D17: 14.771006 | E17: 2.9542012 | F17: 8.8626035
A18: Chitado | B18: 5462.318 | C18: 45.790118 | D18: 41.358816 | E18: 8.8626035 | F18: 4.4313018
A19: Chitado | B19: 5462.318 | C19: 45.790118 | D19: 41.358816 | E19: 8.8626035 | F19: 4.4313018
A20: Cahama | B20: 21072.317 | C20: 161.00396 | D20: 90.103136 | E20: 119.64515 | F20: 112.25964
A21: Cahama | B21: 12692.725 | C21: 129.98485 | D21: 90.103136 | E21: 118.16805 | F21: 82.717633
... A42: Naulila | B42: 11872.934 | C42: 350.07284 | D42: 255.5384 | E42: 64.992426 | F42: 44.313018

Sheet Q9.14
A1: Quadro 9.14 - Agregados familiares por área de residência, município e comuna, segundo a posse de bens que funcionam em casa
A2: ='Q9.6'!$A$2 -> Área de residência, município e comuna | B2: Total de agregados familiares | C2: Bens que funcionam
C3: Rádio | D3: Televisão | E3: Telefone Fixo | F3: Tablet | G3: Computador | H3: Serviços de internet | I3: Carro/Carrinha/Camião | J3: Motorizada | K3: Bicicleta | L3: Geleira/Arca
A4: Cunene | B4: 261282.85 | C4: 69852.087 | D4: 48534.571 | E4: 17478.531 | F4: 12958.603 | G4: 18481.483 | H4: 14604.093 | I4: 17350.023 | J4: 29419.412 | K4: 15980.751 | L4: 36035.346
A6: Área de residência
A7: Urbana | B7: 74088.411 | C7: 21084.134 | D7: 37717.763 | E7: 5426.8675 | F7: 4936.4702 | G7: 10370.723 | H7: 6518.4449 | I7: 8333.8015 | J7: 10797.605 | K7: 4087.1373 | L7: 27367.72
A8: Rural | B8: 187194.43 | C8: 48767.953 | D8: 10816.808 | E8: 12051.664 | F8: 8022.1333 | G8: 8110.7593 | H8: 8085.6486 | I8: 9016.222 | J8: 18621.807 | K8: 11893.614 | L8: 8667.6262
A9: Município/comuna
A10: Ombadja | B10: 34100.344 | C10: 10087.12 | D10: 5401.7568 | E10: 2172.815 | F10: 1189.066 | G10: 1771.0436 | H10: 1333.8218 | I10: 1899.5514 | J10: 3460.8467 | K10: 1787.2917 | L10: 3717.8622
A11: Xangongo | B11: 22028.001 | C11: 6296.8798 | D11: 4895.1113 | E11: 1200.8828 | F11: 874.44355 | G11: 1444.6044 | H11: 989.65739 | I11: 1412.1082 | J11: 2694.2315 | K11: 1036.9246 | L11: 3366.3122
A12: Ombala yo Mungu | B12: 12072.343 | C12: 3790.2401 | D12: 506.6455 | E12: 971.93218 | F12: 314.62242 | G12: 326.43923 | H12: 344.16444 | I12: 487.44319 | J12: 766.6152 | K12: 750.3671 | L12: 351.54994
A13: Cuanhama | B13: 72729.479 | C13: 24446.015 | D13: 26682.345 | E13: 5589.3486 | F13: 4939.4244 | G13: 9029.5159 | H13: 6160.9865 | I13: 7441.6327 | J13: 9641.0355 | K13: 4923.1762 | L13: 20971.874
A14: Ondjiva | B14: 61466.587 | C14: 19528.747 | D14: 26041.283 | E14: 4858.1838 | F14: 4401.7597 | G14: 8480.0345 | H14: 5607.0738 | I14: 6887.72 | J14: 8475.6032 | K14: 4165.4236 | L14: 20434.209
A15: Môngua | B15: 11262.892 | C15: 4917.2678 | D15: 641.06165 | E15: 731.16479 | F15: 537.66461 | G15: 549.48142 | H15: 553.91272 | I15: 553.91272 | J15: 1165.4324 | K15: 757.7526 | L15: 537.66461
A16: Curoca | B16: 6311.6508 | C16: 977.84059 | D16: 1069.4208 | E16: 172.82077 | F16: 134.41615 | G16: 273.26361 | H16: 121.12225 | I16: 156.57266 | J16: 657.30976 | K16: 171.34367 | L16: 573.11503
A17: Curoca | B17: 6311.6508 | C17: 977.84059 | D17: 1069.4208 | E17: 172.82077 | F17: 134.41615 | G17: 273.26361 | H17: 121.12225 | I17: 156.57266 | J17: 657.30976 | K17: 171.34367 | L17: 573.11503
A18: Chitado | B18: 5462.318 | C18: 760.7068 | D18: 286.55751 | E18: 271.78651 | F18: 171.34367 | G18: 200.88568 | H18: 175.77497 | I18: 196.45438 | J18: 751.8442 | K18: 163.95816 | L18: 192.02308
A19: Chitado | B19: 5462.318 | C19: 760.7068 | D19: 286.55751 | E19: 271.78651 | F19: 171.34367 | G19: 200.88568 | H19: 175.77497 | I19: 196.45438 | J19: 751.8442 | K19: 163.95816 | L19: 192.02308
A20: Cahama | B20: 21072.317 | C20: 2208.2654 | D20: 2283.5975 | E20: 856.71834 | F20: 744.45869 | G20: 895.12295 | H20: 831.60763 | I20: 892.16875 | J20: 2150.6585 | K20: 673.55787 | L20: 1561.2953
A21: Cahama | B21: 12692.725 | C21: 1432.7876 | D21: 1979.3148 | E21: 618.90514 | F21: 502.2142 | G21: 677.98917 | H21: 587.88603 | I21: 630.72195 | J21: 1333.8218 | K21: 437.22177 | L21: 1296.8943
... A42: Naulila | B42: 11872.934 | C42: 2747.4071 | D42: 1361.8867 | E42: 892.16875 | F42: 506.6455 | G42: 555.38982 | H42: 503.6913 | I42: 713.43958 | J42: 1410.6311 | K42: 793.20301 | L42: 877.39775

Sheet Q9.15
A1: Quadro 9.15 - Agregados familiares por área de residência, município e comuna, segundo a situação se recebe algum tipo de apoio social
A2: ='Q9.6'!$A$2 -> Área de residência, município e comuna | B2: Total de agregados familiares | C2: Situação se o agregado recebe algum tipo de apoio social | E2: Não declarado
C3: Recebe | D3: Não recebe
A4: Cunene | B4: 261282.85 | C4: 57778.266 | D4: 203377.55 | E4: 127.03065
A6: Área de residência
A7: Urbana | B7: 74088.411 | C7: 8750.3439 | D7: 65304.094 | E7: 33.973313
A8: Rural | B8: 187194.43 | C8: 49027.923 | D8: 138073.45 | E8: 93.057337
A9: Municipio/COMUNA
A10: Ombadja | B10: 34100.344 | C10: 11754.766 | D10: 22332.284 | E10: 13.293905
A11: Xangongo | B11: 22028.001 | C11: 7319.0334 | D11: 14703.059 | E11: 5.9084023
A12: Ombala yo Mungu | B12: 12072.343 | C12: 4435.7331 | D12: 7629.2245 | E12: 7.3855029
A13: Cuanhama | B13: 72729.479 | C13: 3735.5874 | D13: 68956.964 | E13: 36.927515
A14: Ondjiva | B14: 61466.587 | C14: 3149.1784 | D14: 58287.866 | E14: 29.542012
A15: Môngua | B15: 11262.892 | C15: 586.40893 | D15: 10669.098 | E15: 7.3855029
A16: Curoca | B16: 6311.6508 | C16: 2620.3764 | D16: 3685.366 | E16: 5.9084023
A17: Curoca | B17: 6311.6508 | C17: 2620.3764 | D17: 3685.366 | E17: 5.9084023
A18: Chitado | B18: 5462.318 | C18: 1709.0054 | D18: 3753.3126 | E18: 0
A19: Chitado | B19: 5462.318 | C19: 1709.0054 | D19: 3753.3126 | E19: 0
A20: Cahama | B20: 21072.317 | C20: 1630.719 | D20: 19437.167 | E20: 4.4313018
A21: Cahama | B21: 12692.725 | C21: 1172.8179 | D21: 11515.476 | E21: 4.4313018
... A42: Naulila | B42: 11872.934 | C42: 3877.389 | D42: 7986.6829 | E42: 8.8626035

Sheet Q9.16
A1: Quadro 9.16 - Agregados familiares por área de residência, município e comuna, segundo a entidade que prestou o apoio social, 2024
A2: ='Q9.6'!$A$2 -> Área de residência, município e comuna | B2: Total de agregados familiares | C2: Total de Agregados familiares que receberam algum apoio | E2: Entidade que prestou apoio social
E3: Projecto Kwenda | F3: ONG´s | G3: Doações de diversas entidades ( igreja, grupos sociais, administrações, empresas públicas/ privadas, etc.)
A4: Cunene | B4: 261282.85 | C4: 57778.266 | E4: 45469.587 | F4: 372.22935 | G4: 11936.45
A6: Área de residência
A7: Urbana | B7: 74088.411 | C7: 8750.3439 | E7: 5506.631 | F7: 36.927515 | G7: 3206.7854
A8: Rural | B8: 187194.43 | C8: 49027.923 | E8: 39962.956 | F8: 335.30183 | G8: 8729.6645
A9: Município/comuna
A10: Ombadja | B10: 34100.344 | C10: 11754.766 | E10: 10675.006 | F10: 19.202308 | G10: 1060.5582
A11: Xangongo | B11: 22028.001 | C11: 7319.0334 | E11: 6577.5289 | F11: 17.725207 | G11: 723.77929
A12: Ombala yo Mungu | B12: 12072.343 | C12: 4435.7331 | E12: 4097.477 | F12: 1.4771006 | G12: 336.77893
A13: Cuanhama | B13: 72729.479 | C13: 3735.5874 | E13: 96.011538 | F13: 33.973313 | G13: 3605.6025
A14: Ondjiva | B14: 61466.587 | C14: 3149.1784 | E14: 94.534437 | F14: 31.019112 | G14: 3023.6249
A15: Môngua | B15: 11262.892 | C15: 586.40893 | E15: 1.4771006 | F15: 2.9542012 | G15: 581.97763
A16: Curoca | B16: 6311.6508 | C16: 2620.3764 | E16: 2471.1893 | F16: 1.4771006 | G16: 147.71006
A17: Curoca | B17: 6311.6508 | C17: 2620.3764 | E17: 2471.1893 | F17: 1.4771006 | G17: 147.71006
A18: Chitado | B18: 5462.318 | C18: 1709.0054 | E18: 1531.7533 | F18: 2.9542012 | G18: 174.29787
A19: Chitado | B19: 5462.318 | C19: 1709.0054 | E19: 1531.7533 | F19: 2.9542012 | G19: 174.29787
A20: Cahama | B20: 21072.317 | C20: 1630.719 | E20: 602.65704 | F20: 140.32456 | G20: 887.73745
A21: Cahama | B21: 12692.725 | C21: 1172.8179 | E21: 518.46231 | F21: 131.46195 | G21: 522.89361
... A42: Naulila | B42: 11872.934 | C42: 3877.389 | E42: 3361.8809 | F42: 20.679408 | G42: 494.8287

Sheet Q9.17
A1: Quadro 9.17 - Agregados familiares por área de residência, município e comuna, segundo o sexo do chefe, 2024
A2: ='Q9.6'!$A$2 -> Área de residência, município e comuna | B2: Total de agregados familiares | C2: Sexo do Chefe
C3: Homens | D3: Mulheres
A4: Cunene | B4: 261282.85 | C4: 136984.83 | D4: 124298.01
A6: Área de residência
A7: Urbana | B7: 74088.411 | C7: 42813.76 | D7: 31274.651
A8: Rural | B8: 187194.43 | C8: 94171.071 | D8: 93023.364
A9: Município/comuna
A10: Ombadja | B10: 34100.344 | C10: 15098.922 | D10: 19001.422
A11: Xangongo | B11: 22028.001 | C11: 10707.502 | D11: 11320.499
A12: Ombala yo Mungu | B12: 12072.343 | C12: 4391.42 | D12: 7680.923
A13: Cuanhama | B13: 72729.479 | C13: 41992.493 | D13: 30736.986
A14: Ondjiva | B14: 61466.587 | C14: 35767.991 | D14: 25698.596
A15: Môngua | B15: 11262.892 | C15: 6224.5019 | D15: 5038.3901
A16: Curoca | B16: 6311.6508 | C16: 3502.2055 | D16: 2809.4453
A17: Curoca | B17: 6311.6508 | C17: 3502.2055 | D17: 2809.4453
A18: Chitado | B18: 5462.318 | C18: 3412.1023 | D18: 2050.2156
A19: Chitado | B19: 5462.318 | C19: 3412.1023 | D19: 2050.2156
A20: Cahama | B20: 21072.317 | C20: 9654.3294 | D20: 11417.988
A21: Cahama | B21: 12692.725 | C21: 5906.9252 | D21: 6785.8001
... A42: Naulila | B42: 11872.934 | C42: 5555.3753 | D42: 6317.5592

Sheet Q9.18
A1: Quadro 9.18 - Agregados familiares por município, comuna e área de residência, segundo o tipo de núcleo, 2024
A2: Município e área de residência | B2: Total de agregados familiares | C2: Tipo de núcleo
C3: Só 1 pessoa | D3: Casal sem filhos, sem outras pessoas | E3: Casal sem filhos, com outras pessoas | F3: Casal com filhos, sem outras pessoas | G3: Casal com filhos, com outras pessoas | H3: Pai ou mãe com filhos, sem outras pessoas | I3: Pai ou mãe com filhos, com outras pessoas | J3: Outros
A4: Cunene | B4: 261282.85 | C4: 16.142327 | D4: 1.9707274 | E4: 2.7684028 | F4: 19.426307 | G4: 16.435166 | H4: 15.181837 | I4: 17.478758 | J4: 10.596476
A6: Área de residência
A7: Urbana | B7: 74088.411 | C7: 21.121257 | D7: 2.4143706 | E7: 1.8700905 | F7: 20.05064 | G7: 17.94928 | H7: 12.10774 | I7: 15.307628 | J7: 9.1789944
A8: Rural | B8: 187194.43 | C8: 14.17175 | D8: 1.7951409 | E8: 3.1239397 | F8: 19.179206 | G8: 15.835904 | H8: 16.398513 | I8: 18.338055 | J8: 11.157491
A9: Municipio
A10: Ombadja | B10: 34100.344 | C10: 14.22074 | D10: 1.6156978 | E10: 2.8848653 | F10: 14.467643 | G10: 15.992376 | H10: 14.186087 | I10: 23.308499 | J10: 13.324093
A11: Cuanhama | B11: 72729.479 | C11: 19.556034 | D11: 1.9801779 | E11: 2.2401397 | F11: 18.337463 | G11: 18.877696 | H11: 11.093058 | I11: 18.126244 | J11: 9.7891872
A12: Curoca | B12: 6311.6508 | C12: 13.807629 | D12: 2.6679148 | E12: 3.042359 | F12: 25.579218 | G12: 6.1549263 | H12: 29.838521 | I12: 8.5186052 | J12: 10.390826
A13: Chitado | B13: 5462.318 | C13: 14.277988 | D13: 2.8664143 | E13: 4.4348296 | F13: 22.147107 | G13: 12.520281 | H13: 22.796106 | I13: 10.1947 | J13: 10.762574
A14: Cahama | B14: 21072.317 | C14: 11.404739 | D14: 1.352867 | E14: 2.8459274 | F14: 23.804851 | G14: 14.713304 | H14: 23.110893 | I14: 12.764615 | J14: 10.002804
A15: Cuvelai | B15: 11748.858 | C15: 14.558713 | D15: 2.7281871 | E15: 2.6527533 | F15: 29.595172 | G15: 14.093538 | H15: 16.281116 | I15: 10.81217 | J15: 9.2783505
A16: Namacunde | B16: 19638.052 | C16: 18.217375 | D16: 2.6927416 | E16: 2.1286198 | F16: 19.593832 | G16: 18.066942 | H16: 11.132005 | I16: 18.157202 | J16: 10.011282
A17: Nehone | B17: 23416.476 | C17: 14.577682 | D17: 0.89572951 | E17: 2.8511954 | F17: 16.350218 | G17: 17.504573 | H17: 14.413676 | I17: 23.585441 | J17: 9.8214849
A18: Cafima | B18: 2310.1853 | C18: 5.1790281 | D18: 1.9181586 | E18: 2.7493606 | F18: 29.219949 | G18: 20.716113 | H18: 12.787724 | I18: 16.176471 | J18: 11.253197
A19: Chissuata | B19: 1218.608 | C19: 13.333333 | D19: 4.1212121 | E19: 1.5757576 | F19: 39.151515 | G19: 12.484848 | H19: 15.151515 | I19: 5.0909091 | J19: 9.0909091
A20: Mupa | B20: 5655.8181 | C20: 11.804649 | D20: 1.8281536 | E20: 3.0556281 | F20: 20.762601 | G20: 15.669888 | H20: 19.613476 | I20: 18.386002 | J20: 8.879603
A21: Chiéde | B21: 12246.641 | C21: 13.930768 | D21: 1.4714751 | E21: 2.0865999 | F21: 16.958147 | G21: 19.876975 | H21: 10.963696 | I21: 23.965746 | J21: 10.746593
... A23: Naulila | B23: 11872.934 | C23: 15.016173 | D23: 1.8785768 | E23: 3.2097537 | F23: 17.653645 | G23: 14.28216 | H23: 17.143568 | I23: 19.91789 | J23: 10.898233

Sheet Q9.19
A1: Quadro 9.19- Agregados familiares por grupo étário, segundo o sexo do chefe, 2024
A2: Total de agregados familiares | B2: Total | C2: Homens | F2: Mulheres
C3: Nº | D3: % | F3: Nº | G3: %
A4: Cunene | B4: 261282.85 | C4: 136984.83 | D4: 100 | F4: 124298.01 | G4: 100
A6: Grupo etário
A7: Menor de 24 anos | B7: 24389.885 | C7: 9562.7492 | D7: 6.9808818 | F7: 14827.136 | G7: 11.928699
A8: 25-34 anos | B8: 64188.883 | C8: 35284.979 | D8: 25.758311 | F8: 28903.904 | G8: 23.253714
A9: 35-44 anos | B9: 59262.753 | C9: 34776.856 | D9: 25.387377 | F9: 24485.896 | G9: 19.699346
A10: 45-54 anos | B10: 44082.59 | C10: 23911.304 | D10: 17.455439 | F10: 20171.286 | G10: 16.228164
A11: 55-64 anos | B11: 31865.491 | C11: 16500.691 | D11: 12.045633 | F11: 15364.8 | G11: 12.36126
A12: 65 ou mais anos | B12: 37493.244 | C12: 16948.252 | D12: 12.372357 | F12: 20544.992 | G12: 16.528818

Sheet Q9.20
A1: Quadro 9.20 - Agregados familiares por município, comuna e área de residência, segundo o tamanho e média de pessoas por agregado, 2024
A2: Município e área de residência | B2: Total de agregados familiares | C2: Tamanho do agregado | J2: Média de pessoas por agregado
C3: 1 pessoa | D3: 2 pessoas | E3: 3 pessoas | F3: 4 pessoas | G3: 5 pessoas | H3: 6 pessoas | I3: 7 ou mais pessoas
A4: Cunene | B4: 261282.85 | C4: 16.142327 | D4: 7.8190278 | E4: 11.111488 | F4: 12.347291 | G4: 11.84189 | H4: 10.574428 | I4: 30.163549 | J4: 5.2170627
A6: Área de Residência
A7: Urbana | B7: 74088.411 | C7: 5.9890666 | D7: 2.6225486 | E7: 3.207096 | F7: 3.4699727 | G7: 3.2065306 | H7: 2.8368073 | I7: 7.0236137 | J7: 4.6004825
A8: Rural | B8: 187194.43 | C8: 10.15326 | D8: 5.1964791 | E8: 7.904392 | F8: 8.8773185 | G8: 8.6353589 | H8: 7.7376208 | I8: 23.139935 | J8: 5.4610948
A9: Municipio
A10: Ombadja | B10: 34100.344 | C10: 1.8559662 | D10: 0.99836621 | E10: 1.3573484 | F10: 1.5145091 | G10: 1.5823483 | H10: 1.4274489 | I10: 4.3151355 | J10: 5.5226977
A11: Cuanhama | B11: 72729.479 | C11: 5.4435267 | D11: 2.1516318 | E11: 2.7734907 | F11: 3.1092945 | G11: 3.047674 | H11: 2.8611163 | I11: 8.4488012 | J11: 5.1503107
A12: Curoca | B12: 6311.6508 | C12: 0.3335425 | D12: 0.34145707 | E12: 0.44038917 | F12: 0.3635048 | G12: 0.30697217 | H12: 0.21708529 | I12: 0.41268818 | J12: 4.2377721
A13: Chitado | B13: 5462.318 | C13: 0.29849227 | D13: 0.21312801 | E13: 0.30414554 | F13: 0.30471086 | G13: 0.25213552 | H13: 0.18881898 | I13: 0.5291454 | J13: 4.8331531
A14: Cahama | B14: 21072.317 | C14: 0.91978585 | D14: 0.60150716 | E14: 1.0345471 | F14: 1.1651375 | G14: 1.1594842 | H14: 0.97744913 | I14: 2.2070338 | J14: 5.0508201
A15: Cuvelai | B15: 11748.858 | C15: 0.65464783 | D15: 0.39855503 | E15: 0.58341672 | F15: 0.62807749 | G15: 0.56532628 | H15: 0.49635647 | I15: 1.1702254 | J15: 4.8982902
A16: Namacunde | B16: 19638.052 | C16: 1.3692202 | D16: 0.61620564 | E16: 0.76432113 | F16: 0.86155725 | G16: 0.80106734 | H16: 0.71570307 | I16: 2.3879382 | J16: 5.2980068
A17: Nehone | B17: 23416.476 | C17: 1.306469 | D17: 0.37820328 | E17: 0.74453471 | F17: 1.0181526 | G17: 1.1001249 | H17: 1.0452883 | I17: 3.3693446 | J17: 5.9227906
A18: Cafima | B18: 2310.1853 | C18: 0.045791429 | D18: 0.059924585 | E18: 0.089321552 | F18: 0.11306526 | G18: 0.11702254 | H18: 0.11306526 | I18: 0.34597968 | J18: 6.2487212
A19: Chissuata | B19: 1218.608 | C19: 0.062185891 | D19: 0.041268818 | E19: 0.056532628 | F19: 0.060489912 | G19: 0.064447196 | H19: 0.058793933 | I19: 0.1226758 | J19: 4.9236364
A20: Mupa | B20: 5655.8181 | C20: 0.25552748 | D20: 0.14359287 | E20: 0.23291443 | F20: 0.3097988 | G20: 0.28153249 | H20: 0.25891944 | I20: 0.68234882 | J20: 5.4019326
A21: Chiéde | B21: 12246.641 | C21: 0.65295185 | D21: 0.22726116 | E21: 0.40929623 | F21: 0.49239919 | G21: 0.48787658 | H21: 0.4884419 | I21: 1.9288933 | J21: 6.1861054
... A23: Naulila | B23: 11872.934 | C23: 0.68234882 | D23: 0.33523848 | E23: 0.48731125 | F23: 0.55515041 | G23: 0.55967302 | H23: 0.48787658 | I23: 1.4364941 | J23: 5.3573028

Sheet 10. Habitação

Sheet Q10.1
A1: Quadro 10.1 - População recenseada por município e tipo de habitação, segundo grupos étários,2024
A2: ='Q9.14'!$A$2 -> Área de residência, município e comuna | B2: Total da população | C2: Grupos etários
C3: 0-4 anos | D3: 5-14 anos | E3: 15-64 anos | F3: 65 ou mais
A4: Cunene | B4: 1806416.5 | C4: 313219.4 | D4: 544348.09 | E4: 914223.77 | F4: 34625.275
A6: Aréa de residência
A7: Urbano | B7: 460652.76 | C7: 65158.621 | D7: 130728.97 | E7: 260058.81 | F7: 4706.3585
A8: Rural | B8: 1345763.8 | C8: 248060.78 | D8: 413619.13 | E8: 654164.96 | F8: 29918.916
A9: Município/Comuna
A10: Ombadja | B10: 247337.52 | C10: 42981.316 | D10: 76442.242 | E10: 122092.17 | F10: 5821.7949
A11: Xangongo | B11: 155253.8 | C11: 26933.645 | D11: 50426.64 | E11: 75157.106 | F11: 2736.4067
A12: Ombala yo Mungu | B12: 92083.725 | C12: 16047.671 | D12: 26015.601 | E12: 46935.064 | F12: 3085.3882
A13: Cuanhama | B13: 500288.17 | C13: 77025.791 | D13: 142375.84 | E13: 272447.93 | F13: 8438.6129
A14: Ondjiva | B14: 401981.03 | C14: 60222.334 | D14: 112351.69 | E14: 223184.04 | F14: 6222.9606
A15: Môngua | B15: 98307.147 | C15: 16803.457 | D15: 30024.151 | E15: 49263.886 | F15: 2215.6523
A16: Curoca | B16: 35716.784 | C16: 6266.017 | D16: 11879.087 | E16: 17134.637 | F16: 437.0423
A17: Curoca | B17: 35716.784 | C17: 6266.017 | D17: 11879.087 | E17: 17134.637 | F17: 437.0423
A18: Chitado | B18: 35425.089 | C18: 6663.7992 | D18: 10579.069 | E18: 17691.907 | F18: 490.31363
A19: Chitado | B19: 35425.089 | C19: 6663.7992 | D19: 10579.069 | E19: 17691.907 | F19: 490.31363
A20: Cahama | B20: 140924.93 | C20: 27113.594 | D20: 48313.872 | E20: 63240.504 | F20: 2256.9647
A21: Cahama | B21: 81990.081 | C21: 15136.56 | D21: 27243.291 | E21: 38287.143 | F21: 1323.0858
... A42: Naulila | B42: 83503.559 | C42: 14411.081 | D42: 25703.444 | E42: 41466.917 | F42: 1922.1164

Sheet Q10.2
A1: Quadro 10.2 - Habitações familiares por município e área de residência, segundo o tipo de habitação, 2024
A2: ='Q9.14'!$A$2 -> Área de residência, município e comuna | B2: Total de Habitaçãoes | C2: Habitação Familiar
C3: Vivenda | D3: Casa convencional | E3: Apartamento | F3: Cubata | G3: Barraca/Casa de chapa | H3: Outro
A4: Cunene | B4: 260570.88 | C4: 13156.535 | D4: 85453.223 | E4: 500.7371 | F4: 149578.59 | G4: 11859.641 | H4: 22.156509
A6: Aréa de residência
A7: Urbano | B7: 73979.106 | C7: 5022.142 | D7: 57349.907 | E7: 488.92029 | F7: 4577.5347 | G7: 6531.7388 | H7: 8.8626035
A8: Rural | B8: 186591.78 | C8: 8134.3929 | D8: 28103.316 | E8: 11.816805 | F8: 145001.06 | G8: 5327.9018 | H8: 13.293905
A9: Município/Comuna | B9: 1534.7075 | C9: 12307.202 | D9: 10.339704 | E9: 18872.914 | F9: 1296.8943 | G9: 2.9542012 | H9: 34025.012
A10: Ombadja | B10: 34025.012 | C10: 1534.7075 | D10: 12307.202 | E10: 10.339704 | F10: 18872.914 | G10: 1296.8943 | H10: 2.9542012
A11: Xangongo | B11: 21954.146 | C11: 1192.0202 | D11: 8825.676 | E11: 10.339704 | F11: 11059.052 | G11: 864.10384 | H11: 2.9542012
A12: Ombala yo Mungu | B12: 12070.866 | C12: 342.68734 | D12: 3481.5261 | E12: 0 | F12: 7813.8621 | G12: 432.79047 | H12: 0
A13: Cuanhama | B13: 72558.135 | C13: 4098.9541 | D13: 41304.164 | E13: 483.01189 | F13: 21285.019 | G13: 5376.6461 | H13: 10.339704
A14: Ondjiva | B14: 61296.72 | C14: 3571.6292 | D14: 39137.257 | E14: 483.01189 | F14: 12816.802 | G14: 5277.6804 | H14: 10.339704
A15: Môngua | B15: 11261.415 | C15: 527.32491 | D15: 2166.9066 | E15: 0 | F15: 8468.2177 | G15: 98.965739 | H15: 0
A16: Curoca | B16: 6308.6966 | C16: 180.20627 | D16: 1539.1388 | E16: 0 | F16: 4571.6263 | G16: 17.725207 | H16: 0
A17: Curoca | B17: 6308.6966 | C17: 180.20627 | D17: 1539.1388 | E17: 0 | F17: 4571.6263 | G17: 17.725207 | H17: 0
A18: Chitado | B18: 5391.4171 | C18: 168.38947 | D18: 642.53875 | E18: 0 | F18: 4333.8131 | G18: 245.1987 | H18: 1.4771006
... A42: Naulila | B42: 11784.308 | C42: 546.52722 | D42: 2756.2697 | E42: 1.4771006 | F42: 7549.4611 | G42: 927.61917 | H42: 2.9542012

Sheet Q10.3
A1: Quadro 10.3 - Habitações familiares por município, comuna e área de residência, segundo o estado de ocupação da habitação, 2024
A2: ='Q9.14'!$A$2 -> Área de residência, município e comuna | B2: Total de Habitações | C2: Estado de ocupação da habitação
C3: Residência de uso habitual ocupado | D3: Residência de uso oacasional ocupado | E3: Residência fechada
A4: Cunene | B4: 260570.88 | C4: 258994.82 | D4: 1478.5777 | E4: 97.488639
A6: Aréa de residência
A7: Urbano | B7: 73979.106 | C7: 73024.899 | D7: 930.57337 | E7: 23.633609
A8: Rural | B8: 186591.78 | C8: 185969.92 | D8: 548.00432 | E8: 73.855029
A9: Município/Comuna
A10: Ombadja | B10: 34025.012 | C10: 33914.229 | D10: 97.488639 | E10: 13.293905
A11: Xangongo | B11: 21954.146 | C11: 21859.612 | D11: 84.194733 | E11: 10.339704
A12: Ombala yo Mungu | B12: 12070.866 | C12: 12054.618 | D12: 13.293905 | E12: 2.9542012
A13: Cuanhama | B13: 72558.135 | C13: 71928.89 | D13: 602.65704 | E13: 26.587811
A14: Ondjiva | B14: 61296.72 | C14: 60674.861 | D14: 595.27154 | E14: 26.587811
A15: Môngua | B15: 11261.415 | C15: 11254.029 | D15: 7.3855029 | E15: 0
A16: Curoca | B16: 6308.6966 | C16: 6280.6317 | D16: 25.11071 | E16: 2.9542012
A17: Curoca | B17: 6308.6966 | C17: 6280.6317 | D17: 25.11071 | E17: 2.9542012
A18: Chitado | B18: 5391.4171 | C18: 5373.6919 | D18: 7.3855029 | E18: 10.339704
A19: Chitado | B19: 5391.4171 | C19: 5373.6919 | D19: 7.3855029 | E19: 10.339704
A20: Cahama | B20: 21064.931 | C20: 20883.248 | D20: 172.82077 | E20: 8.8626035
A21: Cahama | B21: 12688.294 | C21: 12519.905 | D21: 165.43527 | E21: 2.9542012
... A42: Naulila | B42: 11784.308 | C42: 11700.114 | D42: 75.33213 | E42: 8.8626035

Sheet Q10.4
A1: Quadro 10.4 - Habitações familiares por município, comuna e área de residência, segundo o tipo de material usado principalmente nas paredes exteriores, 2024
A2: ='Q9.14'!$A$2 -> Área de residência, município e comuna | B2: Total de Habitações | C2: Tipo de material usado principamente nas paredes exteriores
C3: Pedra | D3: Cimento / Bloco | E3: Tijolo | F3: Adobe | G3: Madeira | H3: Zinco | I3: Pau-a-pique | J3: Outro
A4: Cunene | B4: 260570.88 | C4: 593.79443 | D4: 73345.43 | E4: 618.90514 | F4: 4434.256 | G4: 392.90876 | H4: 11638.076 | I4: 142600.77 | J4: 26946.746
A6: Aréa de residência
A7: Urbano | B7: 73979.106 | C7: 426.88207 | D7: 54376.504 | E7: 457.90118 | F7: 2279.1662 | G7: 240.7674 | H7: 7519.9191 | I7: 3028.0562 | J7: 5649.9097
A8: Rural | B8: 186591.78 | C8: 166.91237 | D8: 18968.926 | E8: 161.00396 | F8: 2155.0898 | G8: 152.14136 | H8: 4118.1564 | I8: 139572.71 | J8: 21296.836
A9: Município/Comuna
A10: Ombadja | B10: 34025.012 | C10: 57.606923 | D10: 8932.0272 | E10: 96.011538 | F10: 943.86727 | G10: 5.9084023 | H10: 1664.6924 | I10: 17308.665 | J10: 5016.2336
A11: Xangongo | B11: 21954.146 | C11: 41.358816 | D11: 8101.8967 | E11: 94.534437 | F11: 781.38621 | G11: 4.4313018 | H11: 1285.0775 | I11: 10038.376 | J11: 1607.0854
A12: Ombala yo Mungu | B12: 12070.866 | C12: 16.248106 | D12: 830.13053 | E12: 1.4771006 | F12: 162.48106 | G12: 1.4771006 | H12: 379.61485 | I12: 7270.2891 | J12: 3409.1481
A13: Cuanhama | B13: 72558.135 | C13: 295.42012 | D13: 37559.714 | E13: 277.69491 | F13: 66.469526 | G13: 240.7674 | H13: 5775.4633 | I13: 20222.984 | J13: 8119.6219
A14: Ondjiva | B14: 61296.72 | C14: 295.42012 | D14: 36444.503 | E14: 273.26361 | F14: 64.992426 | G14: 237.81319 | H14: 5623.3219 | I14: 11880.32 | J14: 6477.0861
A15: Môngua | B15: 11261.415 | C15: 0 | D15: 1115.2109 | E15: 4.4313018 | F15: 1.4771006 | G15: 2.9542012 | H15: 152.14136 | I15: 8342.6641 | J15: 1642.5358
A16: Curoca | B16: 6308.6966 | C16: 0 | D16: 1066.4666 | E16: 7.3855029 | F16: 553.91272 | G16: 2.9542012 | H16: 41.358816 | I16: 4363.3551 | J16: 273.26361
A17: Curoca | B17: 6308.6966 | C17: 0 | D17: 1066.4666 | E17: 7.3855029 | F17: 553.91272 | G17: 2.9542012 | H17: 41.358816 | I17: 4363.3551 | J17: 273.26361
A18: Chitado | B18: 5391.4171 | C18: 16.248106 | D18: 552.43562 | E18: 8.8626035 | F18: 132.93905 | G18: 0 | H18: 50.22142 | I18: 4261.4352 | J18: 369.27515
A19: Chitado | B19: 5391.4171 | C19: 16.248106 | D19: 552.43562 | E19: 8.8626035 | F19: 132.93905 | G19: 0 | H19: 50.22142 | I19: 4261.4352 | J19: 369.27515
A20: Cahama | B20: 21064.931 | C20: 62.038225 | D20: 3214.1709 | E20: 116.69095 | F20: 782.86331 | G20: 0 | H20: 527.32491 | I20: 15321.964 | J20: 1039.8788
A21: Cahama | B21: 12688.294 | C21: 60.561124 | D21: 2714.9109 | E21: 103.39704 | F21: 685.37467 | G21: 0 | H21: 468.24089 | I21: 7782.843 | J21: 872.96645
... A42: Naulila | B42: 11784.308 | C42: 73.855029 | D42: 2366.3151 | E42: 56.129822 | F42: 264.401 | G42: 1.4771006 | H42: 615.95094 | I42: 6909.8765 | J42: 1496.3029

Sheet Q10.5
A1: Quadro 10.5 - Habitações familiares por município, comuna e área de residência, segundo o tipo de material usado principamente no tecto, 2024
A2: ='Q9.14'!$A$2 -> Área de residência, município e comuna | B2: Total de Habitações | C2: Tipo de material usado principalmente no tecto
C3: Placa de betão | D3: Telha | E3: Lusalite / Fibrocimento | F3: Zinco | G3: Capim | H3: Outro
A4: Cunene | B4: 260570.88 | C4: 8.8626035 | D4: 5920.2191 | E4: 5810.9137 | F4: 84750.123 | G4: 141962.66 | H4: 22118.104
A6: Aréa de residência
A7: Urbano | B7: 73979.106 | C7: 4.4313018 | D7: 1754.7955 | E7: 1803.5398 | F7: 64634.967 | G7: 2824.2163 | H7: 2957.1554
A8: Rural | B8: 186591.78 | C8: 4.4313018 | D8: 4165.4236 | E8: 4007.3739 | F8: 20115.156 | G8: 139138.44 | H8: 19160.949
A9: Município/Comuna
A10: Ombadja | B10: 34025.012 | C10: 0 | D10: 601.17994 | E10: 540.61881 | F10: 11029.51 | G10: 17339.684 | H10: 4514.0194
A11: Xangongo | B11: 21954.146 | C11: 0 | D11: 447.56148 | E11: 378.13775 | F11: 10121.093 | G11: 9503.6652 | H11: 1503.6884
A12: Ombala yo Mungu | B12: 12070.866 | C12: 0 | D12: 153.61846 | E12: 162.48106 | F12: 908.41686 | G12: 7836.0186 | H12: 3010.331
A13: Cuanhama | B13: 72558.135 | C13: 4.4313018 | D13: 1909.8911 | E13: 1855.2383 | F13: 41776.836 | G13: 20745.878 | H13: 6265.8607
A14: Ondjiva | B14: 61296.72 | C14: 4.4313018 | D14: 1610.0396 | E14: 1630.719 | F14: 41290.87 | G14: 12329.359 | H14: 4431.3018
A15: Môngua | B15: 11261.415 | C15: 0 | D15: 299.85142 | E15: 224.51929 | F15: 485.96609 | G15: 8416.5191 | H15: 1834.5589
A16: Curoca | B16: 6308.6966 | C16: 0 | D16: 60.561124 | E16: 107.82834 | F16: 1483.009 | G16: 4522.882 | H16: 134.41615
A17: Curoca | B17: 6308.6966 | C17: 0 | D17: 60.561124 | E17: 107.82834 | F17: 1483.009 | G17: 4522.882 | H17: 134.41615
A18: Chitado | B18: 5391.4171 | C18: 0 | D18: 87.148934 | E18: 79.763432 | F18: 555.38982 | G18: 4474.1377 | H18: 194.97728
A19: Chitado | B19: 5391.4171 | C19: 0 | D19: 87.148934 | E19: 79.763432 | F19: 555.38982 | G19: 4474.1377 | H19: 194.97728
A20: Cahama | B20: 21064.931 | C20: 0 | D20: 329.39343 | E20: 319.05373 | F20: 5218.5964 | G20: 14726.693 | H20: 471.19509
A21: Cahama | B21: 12688.294 | C21: 0 | D21: 202.36278 | E21: 205.31698 | F21: 4843.4128 | G21: 7088.6057 | H21: 348.59574
... A42: Naulila | B42: 11784.308 | C42: 1.4771006 | D42: 236.33609 | E42: 259.9697 | F42: 3090.0944 | G42: 7330.8502 | H42: 865.58094

Sheet Q10.6
A1: Quadro10.6 - Habitações familiares por município, comuna e área de residência, segundo o tipo de material usado principamente no chão, 2024
A2: ='Q9.14'!$A$2 -> Área de residência, município e comuna | B2: Total de habitações familiares | C2: Tipo de material usado principalmente no chão
C3: Terra batida | D3: Cimento | E3: Mosaicos de cerâmica | F3: Granito | G3: Mármore | H3: Tacos de madeira | I3: Adobe | J3: Outro
A4: Cunene | B4: 260570.88 | C4: 188531.21 | D4: 47559.685 | E4: 19190.491 | F4: 35.450414 | G4: 39.881716 | H4: 788.77171 | I4: 706.05408 | J4: 3719.3393
A6: Aréa de residência
A7: Urbana | B7: 73979.106 | C7: 19304.228 | D7: 38561.188 | E7: 13669.089 | F7: 32.496213 | G7: 8.8626035 | H7: 604.13414 | I7: 121.12225 | J7: 1677.9863
A8: Rural | B8: 186591.78 | C8: 169226.98 | D8: 8998.4968 | E8: 5521.402 | F8: 2.9542012 | G8: 31.019112 | H8: 184.63757 | I8: 584.93183 | J8: 2041.353
A9: Município/Comuna
A10: Ombadja | B10: 34025.012 | C10: 25329.321 | D10: 6646.9526 | E10: 1534.7075 | F10: 0 | G10: 0 | H10: 1.4771006 | I10: 56.129822 | J10: 456.42408
A11: Xangongo | B11: 21954.146 | C11: 14172.78 | D11: 6205.2996 | E11: 1310.1882 | F11: 0 | G11: 0 | H11: 1.4771006 | I11: 29.542012 | J11: 234.85899
A12: Ombala yo Mungu | B12: 12070.866 | C12: 11156.541 | D12: 441.65307 | E12: 224.51929 | F12: 0 | G12: 0 | H12: 0 | I12: 26.587811 | J12: 221.56509
A13: Cuanhama | B13: 72558.135 | C13: 34784.242 | D13: 23880.285 | E13: 11245.167 | F13: 8.8626035 | G13: 7.3855029 | H13: 614.47384 | I13: 187.59177 | J13: 1830.1276
A14: Ondjiva | B14: 61296.72 | C14: 24726.664 | D14: 23463.743 | E14: 10865.552 | F14: 8.8626035 | G14: 7.3855029 | H14: 614.47384 | I14: 98.965739 | J14: 1511.0739
A15: Môngua | B15: 11261.415 | C15: 10057.578 | D15: 416.54236 | E15: 379.61485 | F15: 0 | G15: 0 | H15: 0 | I15: 88.626035 | J15: 319.05373
A16: Curoca | B16: 6308.6966 | C16: 4982.2603 | D16: 989.65739 | E16: 305.75982 | F16: 0 | G16: 1.4771006 | H16: 0 | I16: 19.202308 | J16: 10.339704
A17: Curoca | B17: 6308.6966 | C17: 4982.2603 | D17: 989.65739 | E17: 305.75982 | F17: 0 | G17: 1.4771006 | H17: 0 | I17: 19.202308 | J17: 10.339704
A18: Chitado | B18: 5391.4171 | C18: 4849.3212 | D18: 347.11864 | E18: 132.93905 | F18: 0 | G18: 0 | H18: 4.4313018 | I18: 4.4313018 | J18: 53.175621
A19: Chitado | B19: 5391.4171 | C19: 4849.3212 | D19: 347.11864 | E19: 132.93905 | F19: 0 | G19: 0 | H19: 4.4313018 | I19: 4.4313018 | J19: 53.175621
A20: Cahama | B20: 21064.931 | C20: 17499.211 | D20: 2338.2502 | E20: 779.90911 | F20: 0 | G20: 1.4771006 | H20: 1.4771006 | I20: 57.606923 | J20: 387.00035
A21: Cahama | B21: 12688.294 | C21: 9543.5469 | D21: 2088.6202 | E21: 615.95094 | F21: 0 | G21: 1.4771006 | H21: 1.4771006 | I21: 54.652722 | J21: 382.56905
... A42: Naulila | B42: 11784.308 | C42: 9689.7798 | D42: 1644.013 | E42: 398.81716 | F42: 0 | G42: 0 | H42: 0 | I42: 41.358816 | J42: 10.339704

Sheet Q10.7
A1: Quadro 10.7 - Habitações familiares por município, comuna e área de residência, segundo a média de divisões da habitação e a média de quartos para dormir, 2024
A2: Município e área de residência | B2: Total de habitações familiares | C2: Divisões da habitação | E2: Quartos só para dormir
C3: Média de divisões por habitação | D3: Média de pessoas por divisões | E3: Média de quartos só para dormir por habitação | F3: Média de pessoas por quarto só para dormir
A4: Cunene | B4: 260570.88 | C4: 3.4221998 | D4: 1.5238065 | E4: 2.0838742 | F4: 2.5024401
A6: Aréa de residência
A7: Urbana | B7: 73979.106 | C7: 2.832142 | D7: 1.6248299 | E7: 1.8437425 | F7: 2.495874
A8: Rural | B8: 186591.78 | C8: 3.6561434 | D8: 1.4927802 | E8: 2.1790806 | F8: 2.5046427
A9: Município
A10: Ombadja | B10: 34025.012 | C10: 3.8329499 | D10: 1.4418973 | E10: 2.2975472 | F10: 2.4054871
A11: Cuanhama | B11: 72558.135 | C11: 3.8154595 | D11: 1.3489593 | E11: 2.2959774 | F11: 2.2417031
A12: Curoca | B12: 6308.6966 | C12: 1.6288925 | D12: 2.6022711 | E12: 1.2369469 | F12: 3.4268408
A13: Chitado | B13: 5391.4171 | C13: 1.8728767 | D13: 2.5855764 | E13: 1.3654795 | F13: 3.5463483
A14: Cahama | B14: 21064.931 | C14: 1.8390015 | D14: 2.7466636 | E14: 1.3219971 | F14: 3.8208243
A15: Cuvelai | B15: 11732.61 | C15: 1.9456125 | D15: 2.5147535 | E15: 1.4203701 | F15: 3.4446907
A16: Namacunde | B16: 19626.235 | C16: 4.0097087 | D16: 1.3214896 | E16: 2.385038 | F16: 2.2216788
A17: Nehone | B17: 23194.91 | C17: 4.9956059 | D17: 1.1826352 | E17: 2.6564988 | F17: 2.2239722
A18: Cafima | B18: 2307.2311 | C18: 4.1145967 | D18: 1.5154816 | E18: 2.5608195 | F18: 2.435
A19: Chissuata | B19: 1209.7454 | C19: 1.4041514 | D19: 3.5095652 | E19: 1.1221001 | F19: 4.3917301
A20: Mupa | B20: 5655.8181 | C20: 4.1185688 | D20: 1.3116043 | E20: 2.4110734 | F20: 2.2404679
A21: Chiéde | B21: 12239.255 | C21: 5.395245 | D21: 1.1466279 | E21: 3.1955105 | F21: 1.9359468
... A23: Naulila | B23: 11784.308 | C23: 3.2201053 | D23: 1.6638381 | E23: 2.0315869 | F23: 2.6372162
